"","df.Music","df.Slow.songs.or.fast.songs","df.Dance","df.Folk","df.Country","df.Classical.music","df.Musical","df.Rock","df.Metal.or.Hardrock","df.Punk","df.Hiphop..Rap","df.Reggae..Ska","df.Swing..Jazz","df.Rock.n.roll","df.Alternative","df.Latino","df.Techno..Trance","df.Opera","df.Pop","cluster"
"1",-5,-3,-2,-1,-2,-2,-1,-5,-1,-1,-1,-1,-1,-3,-1,-1,-1,-1,-5,1
"2",-4,-4,-2,-1,-1,-1,-2,-5,-4,-4,-1,-3,-1,-4,-4,-2,-1,-1,-3,3
"3",-5,-5,-2,-2,-3,-4,-5,-5,-3,-4,-1,-4,-3,-5,-5,-5,-1,-3,-3,3
"4",-5,-3,-2,-1,-1,-1,-1,-2,-1,-4,-2,-2,-1,-2,-5,-1,-2,-1,-2,1
"5",-5,-3,-4,-3,-2,-4,-3,-3,-1,-2,-5,-3,-2,-1,-2,-4,-2,-2,-5,1
"6",-5,-3,-2,-3,-2,-3,-3,-5,-5,-3,-4,-3,-4,-4,-5,-3,-1,-3,-2,3
"7",-5,-5,-5,-3,-1,-2,-2,-3,-1,-1,-3,-1,-1,-2,-3,-3,-5,-2,-5,1
"8",-5,-3,-3,-2,-1,-2,-2,-5,-1,-2,-3,-2,-2,-3,-1,-2,-3,-2,-4,1
"9",-5,-3,-2,-5,-2,-2,-5,-5,-2,-3,-2,-4,-4,-4,-4,-5,-1,-2,-3,2
"10",-5,-3,-3,-2,-1,-2,-3,-3,-2,-1,-3,-2,-2,-3,-3,-3,-4,-2,-4,1
"11",-5,-3,-1,-1,-1,-4,-1,-5,-1,-1,-1,-1,-2,-2,-5,-2,-1,-2,-2,3
"12",-5,-3,-1,-2,-1,-4,-3,-5,-4,-2,-3,-1,-1,-4,-3,-2,-1,-2,-3,3
"13",-5,-3,-5,-3,-2,-1,-5,-2,-1,-1,-2,-1,-3,-2,-1,-3,-1,-1,-5,1
"14",-5,-3,-2,-1,-1,-2,-3,-5,-2,-5,-3,-4,-4,-4,-4,-1,-1,-1,-4,3
"15",-1,-3,-2,-2,-3,-4,-3,-5,-5,-5,-2,-4,-2,-3,-3,-2,-1,-2,-3,3
"16",-5,-3,-3,-1,-1,-1,-2,-4,-1,-3,-2,-3,-2,-3,-1,-1,-4,-1,-4,1
"17",-5,-3,-3,-3,-3,-2,-2,-4,-2,-3,-3,-4,-3,-3,-1,-2,-1,-3,-4,1
"18",-5,-3,-5,-4,-3,-4,-5,-4,-4,-3,-4,-4,-4,-4,-4,-4,-4,-3,-5,2
"19",-5,-4,-3,-3,-2,-4,-2,-4,-5,-2,-1,-4,-5,-4,-3,-4,-3,-2,-2,3
"20",-5,-3,-3,-2,-3,-4,-3,-5,-5,-4,-4,-3,-5,-4,-5,-3,-3,-4,-2,3
"21",-5,-5,-1,-1,-3,-2,-2,-5,-5,-4,-1,-2,-1,-4,-3,-2,-1,-2,-2,3
"22",-5,-3,-4,-2,-2,-2,-4,-5,-2,-3,-3,-3,-3,-3,-1,-4,-1,-1,-4,2
"23",-5,-2,-3,-1,-1,-4,-3,-5,-5,-5,-1,-1,-1,-2,-3,-2,-3,-4,-3,3
"24",-5,-3,-4,-2,-1,-2,-3,-1,-1,-1,-3,-1,-2,-1,-1,-4,-2,-1,-5,1
"25",-5,-5,-5,-5,-4,-5,-3,-4,-3,-2,-2,-1,-3,-5,-3,-5,-2,-2,-4,2
"26",-4,-5,-3,-4,-1,-3,-2,-4,-2,-4,-2,-4,-2,-3,-4,-3,-4,-2,-2,3
"27",-5,-3,-5,-1,-1,-1,-1,-4,-1,-3,-5,-2,-1,-4,-3,-2,-3,-1,-3,1
"28",-5,-4,-3,-4,-2,-3,-3,-4,-1,-3,-3,-4,-3,-4,-3,-4,-3,-2,-3,2
"29",-4,-3,-4,-3,-3,-3,-3,-4,-2,-2,-4,-3,-4,-3,-3,-3,-3,-3,-4,2
"30",-4,-3,-4,-1,-3,-2,-3,-3,-1,-1,-3,-3,-2,-1,-1,-5,-1,-2,-5,1
"31",-5,-5,-3,-1,-3,-2,-3,-4,-3,-4,-4,-2,-2,-4,-4,-2,-3,-1,-3,3
"32",-5,-4,-2,-2,-3,-4,-5,-3,-1,-1,-1,-3,-4,-4,-3,-2,-1,-5,-4,2
"33",-5,-4,-3,-2,-1,-3,-4,-5,-3,-4,-2,-3,-3,-4,-4,-2,-1,-1,-4,3
"34",-5,-3,-3,-3,-1,-4,-5,-3,-1,-1,-4,-3,-1,-3,-3,-5,-1,-1,-5,2
"35",-5,-3,-1,-3,-2,-3,-4,-4,-1,-1,-1,-1,-1,-1,-1,-1,-1,-4,-4,1
"36",-5,-5,-1,-1,-1,-5,-1,-3,-5,-2,-1,-2,-2,-2,-1,-1,-1,-1,-2,3
"37",-5,-5,-5,-3,-1,-5,-2,-4,-1,-2,-4,-5,-2,-2,-1,-3,-4,-4,-5,2
"38",-5,-3,-3,-3,-2,-2,-3,-5,-4,-4,-1,-2,-1,-5,-2,-1,-2,-2,-5,3
"39",-4,-3,-4,-1,-1,-1,-1,-1,-1,-1,-3,-2,-1,-1,-1,-2,-3,-1,-5,1
"40",-5,-4,-5,-5,-5,-5,-1,-4,-5,-1,-5,-5,-5,-5,-5,-5,-5,-1,-1,2
"41",-5,-5,-2,-2,-2,-3,-4,-5,-4,-4,-3,-3,-3,-3,-4,-3,-3,-1,-5,3
"42",-5,-4,-3,-1,-1,-2,-2,-4,-1,-2,-3,-2,-2,-2,-4,-3,-3,-1,-5,1
"43",-4,-4,-4,-2,-1,-3,-3,-4,-1,-1,-3,-1,-3,-3,-4,-5,-4,-3,-4,2
"44",-5,-3,-4,-3,-4,-1,-5,-5,-3,-2,-5,-2,-3,-5,-4,-5,-2,-2,-5,2
"45",-5,-4,-3,-1,-1,-1,-4,-2,-1,-2,-5,-5,-2,-2,-2,-4,-2,-1,-3,1
"46",-5,-4,-2,-1,-2,-2,-2,-5,-3,-5,-3,-2,-2,-4,-2,-1,-2,-1,-3,3
"47",-4,-3,-2,-4,-2,-5,-5,-5,-2,-4,-4,-4,-3,-4,-4,-5,-1,-2,-5,2
"48",-5,-3,-5,-5,-5,-5,-5,-5,-4,-2,-5,-5,-5,-5,-2,-5,-2,-5,-5,2
"49",-5,-3,-4,-4,-3,-4,-5,-3,-2,-2,-3,-3,-3,-3,-3,-5,-2,-5,-4,2
"50",-5,-3,-5,-5,-3,-5,-5,-5,-4,-3,-3,-3,-4,-4,-3,-5,-4,-5,-5,2
"51",-5,-3,-4,-2,-2,-4,-3,-3,-3,-2,-4,-3,-3,-4,-4,-4,-5,-3,-4,2
"52",-5,-3,-3,-3,-2,-3,-2,-5,-2,-2,-2,-2,-4,-5,-5,-1,-1,-2,-2,3
"53",-5,-5,-5,-3,-2,-3,-2,-1,-1,-1,-2,-2,-1,-2,-2,-3,-3,-1,-5,1
"54",-5,-4,-2,-1,-2,-3,-1,-4,-3,-5,-3,-3,-4,-5,-5,-1,-4,-3,-3,3
"55",-5,-2,-2,-2,-2,-4,-4,-4,-1,-3,-2,-3,-3,-4,-4,-2,-1,-3,-4,3
"56",-5,-3,-5,-1,-2,-4,-3,-4,-1,-2,-3,-2,-3,-3,-3,-4,-4,-3,-4,2
"57",-5,-3,-5,-4,-5,-4,-4,-4,-5,-4,-5,-4,-5,-5,-5,-4,-5,-5,-5,2
"58",-5,-3,-3,-1,-1,-1,-4,-5,-1,-3,-2,-1,-2,-2,-1,-3,-2,-2,-4,1
"59",-4,-3,-3,-1,-2,-2,-1,-3,-3,-2,-4,-2,-2,-2,-1,-2,-4,-2,-3,1
"60",-4,-3,-4,-2,-2,-2,-4,-3,-4,-3,-3,-3,-3,-2,-2,-4,-5,-1,-5,2
"61",-3,-4,-4,-3,-2,-2,-4,-1,-1,-1,-4,-3,-4,-4,-1,-5,-1,-1,-5,2
"62",-5,-5,-3,-2,-1,-2,-4,-5,-5,-5,-1,-5,-4,-4,-3,-2,-4,-2,-3,3
"63",-5,-4,-1,-1,-1,-1,-4,-4,-1,-1,-1,-1,-1,-2,-1,-4,-1,-2,-5,1
"64",-5,-3,-5,-2,-2,-2,-3,-3,-1,-1,-5,-2,-3,-1,-1,-2,-3,-1,-5,1
"65",-4,-3,-2,-3,-1,-4,-1,-1,-1,-1,-4,-4,-1,-2,-3,-1,-3,-1,-4,1
"66",-5,-3,-2,-2,-2,-2,-5,-5,-2,-4,-4,-2,-2,-3,-3,-5,-1,-1,-5,2
"67",-5,-3,-3,-2,-2,-2,-1,-2,-1,-2,-5,-2,-2,-2,-2,-4,-3,-1,-5,1
"68",-5,-3,-2,-1,-4,-5,-3,-1,-1,-1,-5,-4,-1,-1,-1,-1,-2,-4,-2,1
"69",-5,-3,-3,-4,-4,-3,-1,-5,-4,-4,-3,-5,-4,-5,-4,-4,-1,-2,-1,3
"70",-5,-3,-5,-1,-2,-2,-2,-4,-2,-1,-4,-2,-2,-2,-2,-5,-5,-1,-5,1
"71",-4,-4,-4,-2,-4,-1,-5,-3,-1,-1,-4,-5,-5,-5,-3,-5,-4,-2,-5,2
"72",-5,-3,-4,-4,-4,-3,-4,-5,-2,-2,-5,-3,-3,-3,-3,-4,-4,-4,-5,2
"73",-5,-3,-4,-2,-2,-2,-3,-5,-2,-3,-4,-4,-3,-4,-2,-5,-3,-2,-4,2
"74",-5,-4,-4,-1,-2,-3,-3,-4,-2,-3,-4,-4,-3,-4,-3,-5,-3,-3,-5,2
"75",-5,-5,-1,-3,-1,-3,-2,-5,-5,-4,-1,-1,-2,-2,-5,-1,-1,-3,-1,3
"76",-5,-3,-5,-1,-2,-4,-4,-5,-3,-1,-3,-2,-4,-3,-1,-5,-5,-3,-5,2
"77",-5,-3,-1,-1,-4,-5,-5,-5,-5,-5,-4,-4,-5,-5,-4,-3,-1,-5,-1,3
"78",-5,-2,-3,-3,-5,-5,-3,-4,-4,-1,-1,-1,-2,-3,-3,-2,-4,-3,-3,2
"79",-4,-3,-4,-3,-3,-3,-2,-5,-3,-3,-4,-3,-3,-3,-3,-2,-3,-3,-4,2
"80",-5,-4,-4,-1,-2,-2,-4,-5,-2,-4,-3,-5,-3,-4,-4,-5,-2,-1,-4,2
"81",-5,-5,-5,-1,-1,-5,-2,-5,-1,-1,-1,-1,-5,-5,-4,-5,-5,-1,-5,2
"82",-5,-3,-3,-2,-1,-4,-3,-5,-3,-3,-1,-2,-4,-4,-4,-2,-1,-3,-3,3
"83",-4,-2,-3,-2,-1,-3,-4,-4,-1,-3,-1,-3,-1,-2,-3,-1,-1,-1,-3,1
"84",-5,-2,-1,-3,-4,-4,-4,-3,-1,-2,-1,-3,-5,-4,-3,-3,-1,-4,-2,2
"85",-5,-4,-1,-5,-5,-4,-4,-3,-3,-3,-1,-1,-5,-4,-1,-1,-1,-4,-4,3
"86",-5,-5,-5,-1,-1,-1,-2,-3,-1,-3,-5,-2,-1,-3,-3,-1,-4,-1,-4,1
"87",-5,-3,-3,-2,-2,-4,-3,-3,-1,-2,-5,-5,-4,-4,-2,-3,-2,-2,-3,2
"88",-5,-3,-1,-1,-1,-1,-1,-4,-5,-4,-3,-1,-1,-1,-4,-1,-4,-1,-2,3
"89",-5,-3,-2,-1,-1,-1,-1,-1,-1,-1,-5,-2,-2,-1,-1,-1,-2,-1,-2,1
"90",-3,-5,-5,-1,-1,-1,-1,-5,-2,-1,-1,-3,-2,-2,-5,-5,-3,-1,-3,1
"91",-5,-3,-4,-1,-1,-2,-2,-2,-1,-3,-2,-4,-1,-2,-1,-4,-1,-1,-4,1
"92",-5,-4,-4,-3,-2,-4,-5,-5,-3,-2,-4,-4,-3,-3,-2,-3,-2,-2,-4,2
"93",-5,-3,-1,-3,-2,-3,-1,-4,-5,-4,-1,-4,-3,-3,-3,-1,-1,-2,-2,3
"94",-5,-3,-1,-2,-3,-5,-4,-5,-2,-5,-1,-4,-5,-5,-5,-2,-1,-4,-1,3
"95",-4,-4,-3,-3,-2,-4,-2,-4,-4,-3,-3,-3,-4,-4,-4,-3,-3,-2,-2,3
"96",-5,-5,-1,-3,-1,-3,-2,-4,-5,-1,-1,-2,-3,-1,-1,-1,-1,-2,-2,3
"97",-5,-3,-4,-4,-5,-5,-3,-5,-1,-2,-4,-4,-4,-5,-3,-5,-3,-4,-4,2
"98",-4,-3,-2,-2,-1,-4,-1,-4,-4,-3,-2,-1,-1,-2,-3,-2,-2,-3,-2,3
"99",-5,-2,-2,-2,-4,-4,-2,-5,-5,-3,-2,-2,-2,-3,-1,-3,-1,-4,-3,3
"100",-5,-4,-4,-5,-2,-3,-1,-4,-1,-1,-1,-4,-5,-4,-4,-4,-4,-1,-4,2
"101",-5,-3,-4,-3,-2,-5,-3,-4,-2,-2,-3,-3,-4,-4,-5,-2,-4,-4,-3,2
"102",-5,-3,-4,-2,-2,-4,-3,-3,-2,-2,-1,-3,-4,-2,-3,-5,-4,-1,-3,2
"103",-5,-3,-2,-1,-1,-3,-4,-4,-1,-3,-2,-2,-2,-3,-3,-1,-1,-4,-4,3
"104",-5,-3,-2,-2,-2,-2,-1,-5,-1,-2,-1,-1,-2,-4,-5,-2,-1,-1,-3,3
"105",-5,-3,-2,-2,-1,-1,-3,-3,-2,-1,-1,-1,-1,-2,-1,-4,-1,-1,-5,1
"106",-5,-3,-1,-2,-2,-4,-1,-4,-2,-4,-2,-4,-4,-4,-4,-2,-1,-1,-3,3
"107",-4,-2,-4,-2,-1,-3,-2,-2,-2,-1,-2,-2,-2,-2,-1,-2,-3,-2,-4,1
"108",-5,-5,-4,-1,-2,-4,-4,-5,-5,-2,-1,-3,-5,-5,-3,-4,-3,-2,-2,3
"109",-4,-3,-2,-3,-4,-2,-1,-4,-2,-2,-4,-2,-2,-4,-1,-1,-3,-1,-4,1
"110",-5,-3,-3,-2,-2,-5,-3,-5,-2,-4,-1,-3,-4,-4,-5,-3,-1,-3,-1,3
"111",-5,-3,-3,-3,-3,-3,-4,-5,-3,-1,-3,-1,-5,-5,-3,-3,-1,-3,-3,2
"112",-5,-3,-3,-3,-2,-3,-2,-4,-3,-3,-2,-4,-5,-3,-4,-3,-2,-2,-2,3
"113",-3,-5,-4,-1,-1,-3,-1,-4,-1,-4,-4,-1,-1,-1,-2,-1,-1,-1,-4,1
"114",-4,-3,-3,-3,-4,-4,-3,-4,-3,-3,-3,-4,-3,-4,-4,-2,-3,-3,-4,2
"115",-5,-5,-5,-1,-5,-5,-5,-5,-5,-1,-2,-3,-1,-5,-5,-5,-5,-2,-5,2
"116",-5,-4,-5,-3,-1,-2,-2,-5,-2,-2,-2,-3,-4,-3,-4,-3,-1,-1,-4,2
"117",-5,-4,-3,-1,-1,-2,-2,-2,-1,-2,-5,-2,-1,-1,-1,-1,-3,-1,-4,1
"118",-5,-4,-3,-1,-1,-1,-1,-4,-1,-5,-2,-4,-3,-2,-2,-2,-1,-1,-4,1
"119",-5,-3,-2,-4,-1,-4,-2,-3,-1,-1,-1,-2,-5,-1,-1,-3,-1,-3,-1,1
"120",-5,-3,-4,-3,-3,-3,-3,-3,-1,-1,-4,-4,-4,-4,-4,-4,-4,-2,-3,2
"121",-5,-3,-2,-1,-3,-5,-1,-5,-4,-4,-3,-5,-4,-4,-5,-1,-1,-3,-3,3
"122",-5,-3,-4,-3,-2,-3,-2,-3,-1,-1,-5,-1,-1,-1,-1,-1,-1,-3,-4,1
"123",-5,-3,-2,-3,-3,-4,-5,-1,-1,-1,-3,-3,-4,-4,-2,-3,-1,-2,-2,2
"124",-5,-4,-5,-3,-2,-3,-3,-4,-1,-2,-5,-3,-4,-4,-1,-2,-3,-2,-5,2
"125",-3,-4,-1,-3,-1,-3,-1,-5,-5,-4,-4,-3,-1,-1,-5,-5,-2,-1,-3,3
"126",-1,-4,-4,-1,-1,-2,-2,-4,-1,-1,-1,-2,-1,-1,-3,-2,-3,-2,-2,1
"127",-5,-4,-3,-2,-3,-2,-2,-5,-4,-3,-5,-2,-2,-2,-4,-2,-1,-1,-3,3
"128",-4,-3,-4,-4,-4,-3,-3,-3,-2,-3,-4,-3,-2,-4,-3,-3,-3,-2,-5,2
"129",-2,-3,-1,-3,-1,-3,-4,-2,-2,-2,-3,-2,-1,-1,-1,-1,-1,-2,-1,1
"130",-5,-2,-2,-2,-3,-4,-4,-5,-5,-3,-1,-2,-4,-4,-3,-1,-1,-4,-3,3
"131",-5,-4,-3,-1,-1,-3,-2,-4,-4,-4,-2,-5,-4,-4,-4,-2,-2,-1,-2,3
"132",-5,-3,-5,-2,-2,-3,-3,-4,-2,-1,-4,-3,-3,-4,-3,-2,-2,-2,-4,2
"133",-2,-5,-5,-2,-2,-3,-2,-2,-1,-2,-4,-1,-4,-2,-1,-3,-3,-3,-4,1
"134",-5,-3,-1,-2,-4,-5,-1,-5,-4,-4,-2,-2,-3,-3,-3,-2,-1,-3,-1,3
"135",-5,-4,-4,-3,-3,-5,-2,-3,-2,-3,-3,-2,-4,-3,-4,-2,-2,-3,-3,2
"136",-5,-4,-2,-4,-3,-4,-2,-5,-2,-5,-3,-5,-2,-3,-3,-2,-1,-2,-3,3
"137",-5,-5,-4,-4,-4,-2,-2,-4,-4,-4,-2,-2,-2,-1,-2,-1,-1,-2,-4,3
"138",-5,-3,-4,-2,-1,-3,-2,-4,-1,-3,-4,-5,-4,-3,-3,-2,-5,-1,-5,2
"139",-5,-3,-3,-2,-1,-2,-1,-5,-4,-5,-3,-5,-4,-4,-5,-1,-3,-1,-1,3
"140",-5,-3,-2,-2,-2,-2,-2,-5,-3,-3,-4,-3,-2,-3,-2,-2,-3,-2,-4,1
"141",-4,-2,-3,-5,-4,-5,-2,-3,-1,-1,-5,-4,-3,-2,-1,-5,-1,-3,-4,2
"142",-5,-5,-3,-1,-1,-2,-1,-3,-2,-1,-1,-1,-1,-1,-3,-1,-5,-1,-4,1
"143",-5,-4,-5,-2,-4,-3,-1,-1,-1,-1,-5,-3,-3,-2,-1,-5,-2,-1,-4,1
"144",-5,-5,-1,-2,-1,-3,-1,-3,-5,-2,-1,-1,-1,-1,-2,-2,-1,-5,-1,3
"145",-5,-4,-4,-1,-2,-4,-3,-4,-1,-3,-3,-3,-3,-4,-2,-1,-1,-1,-4,1
"146",-5,-3,-2,-1,-2,-4,-4,-5,-4,-3,-1,-1,-3,-3,-4,-1,-1,-1,-3,3
"147",-4,-3,-2,-3,-2,-2,-1,-4,-2,-2,-2,-3,-5,-4,-5,-4,-1,-1,-3,3
"148",-5,-4,-3,-1,-2,-4,-3,-4,-1,-1,-4,-3,-3,-3,-2,-1,-1,-1,-4,1
"149",-5,-3,-2,-3,-3,-4,-4,-5,-5,-5,-2,-4,-4,-4,-4,-2,-1,-3,-2,3
"150",-5,-3,-2,-1,-2,-4,-4,-2,-1,-1,-2,-1,-2,-3,-2,-1,-5,-4,-3,1
"151",-5,-2,-1,-5,-3,-3,-3,-1,-1,-1,-1,-1,-1,-1,-1,-3,-1,-5,-1,1
"152",-5,-3,-1,-1,-1,-5,-3,-5,-5,-2,-3,-4,-4,-4,-2,-4,-2,-1,-3,3
"153",-5,-3,-1,-4,-2,-4,-3,-5,-5,-3,-1,-3,-3,-3,-5,-2,-1,-3,-1,3
"154",-4,-3,-1,-3,-3,-5,-2,-4,-4,-3,-1,-2,-2,-4,-3,-2,-1,-4,-2,3
"155",-4,-3,-1,-2,-2,-5,-2,-1,-2,-1,-1,-1,-4,-1,-1,-1,-4,-5,-1,1
"156",-4,-4,-2,-1,-1,-3,-3,-5,-4,-5,-2,-2,-1,-4,-4,-1,-1,-1,-2,3
"157",-5,-3,-4,-3,-3,-4,-3,-4,-3,-3,-4,-4,-5,-3,-3,-5,-3,-3,-3,2
"158",-5,-3,-4,-3,-2,-4,-4,-5,-4,-3,-2,-4,-3,-2,-3,-4,-1,-5,-4,2
"159",-5,-4,-2,-2,-2,-3,-4,-5,-1,-2,-1,-1,-4,-5,-5,-1,-1,-2,-2,3
"160",-3,-3,-3,-1,-1,-2,-5,-2,-1,-1,-4,-3,-3,-4,-1,-5,-3,-1,-3,1
"161",-4,-2,-2,-4,-2,-3,-3,-2,-1,-1,-1,-1,-3,-2,-2,-3,-2,-4,-4,1
"162",-5,-3,-1,-2,-2,-2,-1,-3,-2,-2,-1,-1,-2,-1,-5,-1,-5,-1,-4,1
"163",-3,-3,-3,-3,-2,-5,-4,-3,-1,-1,-3,-2,-2,-2,-2,-2,-1,-4,-3,2
"164",-5,-3,-1,-3,-2,-5,-3,-4,-5,-4,-1,-1,-1,-3,-2,-1,-1,-4,-1,3
"165",-4,-4,-2,-2,-2,-4,-2,-4,-5,-3,-2,-3,-2,-3,-3,-2,-2,-3,-2,3
"166",-5,-3,-2,-5,-2,-4,-5,-2,-1,-1,-1,-3,-4,-3,-4,-3,-1,-4,-5,2
"167",-5,-1,-4,-1,-2,-3,-3,-4,-1,-3,-5,-2,-1,-3,-2,-3,-4,-1,-5,1
"168",-5,-3,-1,-4,-3,-5,-3,-5,-5,-4,-1,-3,-3,-5,-5,-1,-1,-3,-1,3
"169",-5,-4,-1,-2,-1,-3,-2,-4,-2,-4,-2,-3,-1,-5,-5,-1,-1,-1,-2,3
"170",-5,-3,-2,-2,-2,-3,-2,-3,-1,-1,-5,-3,-3,-3,-3,-2,-1,-2,-2,1
"171",-5,-3,-2,-2,-2,-2,-3,-4,-3,-3,-4,-4,-3,-3,-3,-3,-3,-3,-4,2
"172",-5,-3,-3,-4,-2,-2,-2,-5,-3,-5,-5,-4,-2,-5,-2,-2,-2,-2,-3,3
"173",-5,-4,-4,-1,-1,-1,-1,-3,-1,-1,-4,-2,-1,-1,-1,-2,-4,-1,-2,1
"174",-4,-3,-3,-1,-2,-4,-3,-4,-4,-3,-5,-4,-3,-4,-2,-2,-2,-1,-4,3
"175",-5,-3,-5,-1,-1,-1,-1,-2,-1,-1,-5,-3,-1,-1,-1,-1,-4,-1,-3,1
"176",-5,-3,-4,-2,-2,-3,-1,-5,-3,-3,-3,-3,-2,-2,-2,-4,-3,-3,-4,1
"177",-5,-3,-3,-3,-2,-3,-3,-5,-4,-4,-2,-5,-4,-5,-4,-3,-1,-2,-2,3
"178",-5,-1,-2,-4,-3,-5,-5,-4,-3,-1,-1,-1,-4,-5,-3,-4,-1,-5,-4,2
"179",-5,-3,-5,-2,-2,-5,-5,-4,-4,-3,-1,-2,-4,-4,-3,-1,-1,-5,-3,3
"180",-5,-3,-2,-3,-3,-4,-5,-3,-1,-4,-2,-2,-3,-4,-2,-4,-1,-4,-3,2
"181",-5,-3,-3,-2,-1,-3,-2,-4,-1,-5,-4,-5,-5,-5,-3,-3,-1,-2,-4,2
"182",-5,-4,-5,-5,-5,-5,-1,-5,-4,-3,-4,-4,-4,-5,-3,-4,-5,-1,-4,2
"183",-5,-4,-5,-1,-2,-2,-5,-5,-1,-1,-5,-4,-4,-5,-2,-5,-4,-1,-5,2
"184",-5,-3,-1,-3,-3,-5,-1,-4,-2,-3,-3,-2,-4,-5,-5,-1,-2,-5,-2,3
"185",-5,-4,-4,-2,-3,-3,-4,-5,-2,-5,-4,-2,-2,-2,-4,-3,-5,-2,-5,2
"186",-4,-3,-2,-2,-2,-3,-3,-5,-4,-3,-2,-2,-5,-5,-4,-3,-1,-2,-3,3
"187",-1,-3,-2,-2,-1,-1,-1,-1,-1,-1,-5,-1,-1,-1,-1,-5,-1,-1,-3,1
"188",-5,-4,-1,-1,-1,-1,-1,-4,-5,-3,-2,-1,-1,-3,-1,-1,-2,-1,-1,3
"189",-5,-3,-4,-1,-3,-2,-5,-3,-1,-2,-3,-1,-2,-4,-4,-3,-2,-3,-4,2
"190",-5,-4,-2,-1,-3,-2,-3,-3,-1,-1,-4,-3,-1,-2,-2,-1,-3,-2,-4,1
"191",-5,-5,-5,-1,-1,-1,-2,-1,-1,-1,-5,-2,-1,-1,-1,-2,-5,-1,-3,1
"192",-5,-3,-4,-3,-3,-4,-2,-3,-1,-2,-5,-4,-4,-2,-5,-3,-1,-3,-1,2
"193",-5,-3,-4,-5,-1,-4,-3,-5,-5,-4,-5,-5,-5,-4,-4,-3,-4,-3,-3,2
"194",-5,-3,-3,-2,-4,-4,-3,-5,-3,-3,-2,-1,-4,-3,-3,-3,-1,-1,-5,3
"195",-5,-3,-3,-3,-2,-3,-1,-2,-2,-1,-4,-3,-4,-2,-2,-5,-2,-2,-4,1
"196",-5,-3,-2,-2,-3,-5,-4,-5,-3,-4,-3,-3,-2,-3,-5,-2,-1,-2,-4,3
"197",-5,-4,-2,-3,-2,-4,-4,-5,-2,-4,-3,-4,-4,-5,-5,-3,-2,-2,-2,3
"198",-5,-2,-2,-4,-3,-5,-3,-4,-3,-3,-2,-3,-5,-3,-4,-4,-1,-3,-2,3
"199",-4,-3,-3,-5,-3,-4,-2,-3,-1,-2,-1,-2,-5,-4,-4,-3,-2,-3,-3,2
"200",-4,-3,-4,-2,-4,-1,-1,-3,-1,-4,-2,-5,-3,-3,-2,-2,-3,-3,-4,1
"201",-5,-2,-2,-5,-4,-5,-5,-3,-1,-3,-4,-3,-3,-3,-3,-5,-2,-3,-5,2
"202",-5,-1,-3,-2,-3,-2,-2,-5,-3,-3,-1,-2,-3,-5,-1,-5,-1,-1,-4,3
"203",-5,-3,-1,-2,-4,-4,-1,-3,-2,-2,-3,-4,-5,-3,-1,-4,-3,-1,-2,2
"204",-4,-4,-4,-2,-2,-4,-3,-4,-4,-4,-4,-4,-2,-4,-3,-4,-4,-1,-4,2
"205",-4,-4,-4,-4,-3,-2,-1,-5,-4,-4,-2,-4,-1,-3,-4,-5,-1,-1,-4,3
"206",-5,-3,-1,-1,-1,-3,-3,-5,-4,-2,-1,-1,-3,-4,-2,-4,-1,-2,-3,3
"207",-1,-3,-3,-3,-2,-3,-5,-4,-3,-3,-2,-4,-3,-4,-2,-4,-1,-1,-4,2
"208",-5,-4,-4,-2,-1,-3,-3,-3,-1,-1,-5,-4,-3,-2,-2,-5,-3,-2,-4,1
"209",-5,-2,-2,-1,-2,-2,-3,-2,-1,-1,-5,-3,-2,-3,-2,-4,-1,-1,-4,1
"210",-5,-3,-4,-2,-1,-5,-2,-4,-1,-3,-3,-3,-4,-4,-4,-2,-2,-4,-2,2
"211",-3,-4,-2,-1,-1,-1,-1,-3,-2,-1,-2,-2,-2,-2,-2,-1,-2,-1,-2,1
"212",-5,-4,-2,-1,-1,-3,-5,-3,-1,-2,-5,-3,-3,-3,-3,-2,-1,-4,-3,2
"213",-3,-3,-3,-2,-1,-2,-5,-4,-1,-1,-1,-1,-2,-2,-1,-4,-1,-3,-5,1
"214",-5,-3,-5,-2,-4,-3,-5,-5,-2,-3,-2,-3,-3,-4,-3,-5,-2,-1,-5,2
"215",-5,-3,-2,-3,-3,-2,-2,-4,-3,-4,-4,-5,-4,-5,-5,-3,-1,-1,-3,3
"216",-5,-3,-3,-2,-3,-4,-1,-5,-2,-2,-3,-4,-4,-4,-1,-5,-1,-4,-4,2
"217",-5,-3,-3,-2,-1,-4,-5,-5,-2,-3,-3,-4,-5,-3,-5,-4,-2,-1,-3,2
"218",-5,-3,-4,-1,-1,-4,-3,-5,-4,-3,-4,-2,-2,-2,-2,-2,-3,-3,-4,1
"219",-5,-3,-3,-4,-4,-4,-4,-5,-4,-4,-2,-2,-4,-4,-4,-5,-2,-4,-5,2
"220",-5,-3,-3,-2,-1,-2,-2,-3,-2,-2,-4,-4,-2,-2,-2,-4,-2,-1,-4,1
"221",-5,-5,-5,-2,-2,-3,-5,-5,-2,-4,-4,-4,-3,-3,-2,-4,-5,-2,-5,2
"222",-5,-2,-2,-2,-3,-3,-3,-5,-1,-2,-2,-1,-3,-2,-5,-4,-2,-4,-4,2
"223",-5,-3,-3,-1,-2,-1,-1,-1,-1,-1,-1,-1,-1,-1,-1,-1,-1,-1,-3,1
"224",-5,-3,-5,-3,-2,-2,-5,-3,-1,-1,-4,-2,-1,-5,-2,-5,-3,-2,-5,2
"225",-5,-3,-2,-5,-4,-5,-5,-5,-4,-3,-3,-3,-4,-4,-4,-5,-1,-4,-3,2
"226",-5,-3,-3,-4,-2,-1,-2,-2,-1,-1,-3,-2,-1,-2,-1,-5,-1,-1,-5,1
"227",-5,-3,-5,-3,-2,-3,-3,-4,-3,-1,-4,-2,-3,-3,-3,-2,-5,-2,-4,2
"228",-5,-4,-1,-2,-1,-5,-1,-5,-5,-2,-1,-1,-4,-3,-5,-2,-1,-1,-1,3
"229",-2,-3,-3,-3,-3,-2,-2,-4,-2,-2,-2,-1,-3,-5,-2,-5,-1,-5,-3,2
"230",-3,-3,-3,-3,-3,-3,-3,-3,-3,-3,-3,-3,-3,-3,-3,-3,-3,-3,-3,2
"231",-5,-3,-4,-2,-3,-2,-2,-2,-1,-2,-2,-1,-1,-1,-1,-3,-1,-1,-5,1
"232",-5,-4,-3,-4,-2,-5,-4,-5,-2,-1,-3,-3,-5,-3,-5,-2,-3,-4,-2,2
"233",-5,-5,-5,-2,-2,-2,-4,-4,-2,-2,-4,-3,-2,-4,-3,-5,-3,-2,-5,2
"234",-5,-3,-3,-2,-1,-2,-3,-2,-1,-1,-4,-3,-3,-2,-1,-1,-1,-1,-5,1
"235",-5,-3,-3,-3,-2,-3,-3,-4,-1,-1,-2,-2,-4,-3,-1,-4,-1,-2,-4,2
"236",-5,-3,-4,-3,-4,-4,-3,-4,-4,-4,-3,-2,-2,-3,-2,-3,-2,-3,-2,3
"237",-5,-3,-3,-2,-1,-2,-2,-2,-1,-1,-2,-3,-3,-3,-2,-5,-1,-2,-5,1
"238",-5,-3,-3,-1,-2,-4,-4,-5,-3,-4,-1,-1,-1,-3,-2,-4,-2,-4,-3,3
"239",-5,-3,-3,-2,-1,-1,-3,-5,-4,-5,-5,-5,-5,-5,-5,-3,-2,-1,-4,3
"240",-5,-3,-4,-3,-1,-1,-1,-5,-5,-5,-5,-5,-4,-5,-4,-2,-1,-1,-4,3
"241",-5,-3,-2,-4,-3,-5,-3,-5,-5,-5,-2,-5,-4,-3,-5,-2,-1,-5,-2,3
"242",-5,-3,-4,-2,-2,-4,-4,-4,-2,-4,-4,-4,-5,-4,-4,-4,-4,-3,-4,2
"243",-5,-4,-5,-3,-3,-2,-2,-3,-1,-1,-4,-3,-2,-4,-1,-3,-2,-1,-4,1
"244",-5,-3,-3,-3,-4,-4,-5,-4,-4,-3,-2,-2,-4,-3,-3,-5,-4,-3,-3,2
"245",-5,-3,-2,-1,-3,-3,-1,-5,-3,-1,-2,-2,-3,-5,-1,-2,-2,-2,-4,3
"246",-5,-4,-3,-5,-2,-4,-3,-4,-2,-3,-5,-5,-2,-3,-5,-4,-3,-3,-3,2
"247",-5,-3,-4,-2,-2,-2,-1,-3,-1,-3,-3,-3,-1,-1,-1,-2,-2,-1,-4,1
"248",-5,-3,-4,-2,-1,-3,-4,-5,-5,-3,-2,-3,-2,-2,-4,-5,-5,-2,-2,3
"249",-5,-3,-4,-2,-3,-4,-1,-4,-4,-5,-4,-4,-5,-5,-2,-5,-3,-2,-2,2
"250",-5,-3,-1,-1,-2,-1,-2,-2,-1,-1,-1,-2,-1,-2,-2,-3,-1,-1,-3,1
"251",-1,-2,-1,-1,-1,-1,-1,-1,-1,-1,-1,-1,-1,-1,-1,-1,-1,-1,-1,1
"252",-5,-4,-3,-1,-1,-3,-3,-5,-1,-1,-3,-1,-2,-1,-1,-1,-1,-4,-5,1
"253",-5,-3,-3,-2,-2,-4,-3,-4,-1,-3,-5,-5,-3,-3,-4,-4,-1,-1,-4,2
"254",-5,-3,-3,-1,-1,-3,-2,-4,-2,-4,-4,-1,-3,-3,-4,-2,-3,-3,-4,3
"255",-4,-3,-4,-1,-1,-2,-4,-4,-1,-1,-4,-3,-4,-4,-3,-4,-1,-1,-4,2
"256",-4,-3,-3,-3,-3,-3,-3,-5,-4,-4,-3,-4,-3,-4,-3,-3,-2,-3,-3,3
"257",-5,-4,-5,-2,-3,-2,-5,-4,-1,-3,-3,-3,-3,-3,-3,-5,-2,-1,-5,2
"258",-5,-1,-2,-2,-2,-4,-4,-5,-4,-5,-1,-4,-3,-3,-5,-2,-1,-2,-1,3
"259",-5,-3,-3,-2,-5,-3,-3,-5,-3,-2,-2,-4,-3,-5,-5,-3,-1,-4,-4,3
"260",-5,-4,-5,-1,-1,-1,-1,-3,-2,-2,-2,-4,-1,-3,-3,-1,-5,-1,-5,1
"261",-5,-3,-2,-1,-2,-3,-2,-3,-2,-3,-1,-3,-3,-2,-4,-2,-4,-2,-2,3
"262",-5,-3,-5,-2,-3,-2,-2,-3,-1,-1,-5,-4,-4,-5,-1,-5,-2,-1,-4,2
"263",-5,-3,-4,-1,-1,-3,-4,-4,-1,-3,-5,-5,-3,-2,-2,-3,-1,-2,-2,1
"264",-5,-2,-1,-5,-2,-5,-2,-4,-5,-3,-1,-1,-3,-3,-5,-1,-1,-5,-2,3
"265",-4,-2,-1,-2,-1,-5,-2,-5,-5,-1,-1,-1,-2,-1,-2,-1,-1,-4,-1,3
"266",-5,-4,-5,-4,-1,-2,-5,-5,-2,-2,-5,-3,-1,-4,-1,-5,-1,-2,-5,2
"267",-4,-5,-2,-2,-4,-2,-5,-5,-4,-2,-4,-2,-2,-3,-1,-5,-1,-1,-4,2
"268",-5,-3,-2,-2,-1,-4,-4,-4,-2,-1,-2,-3,-2,-2,-1,-2,-1,-3,-4,1
"269",-5,-3,-3,-2,-1,-2,-2,-5,-2,-3,-2,-2,-3,-4,-5,-1,-1,-2,-2,3
"270",-5,-5,-5,-3,-3,-3,-3,-4,-2,-4,-4,-5,-5,-5,-5,-5,-4,-1,-3,2
"271",-5,-3,-1,-4,-3,-2,-5,-5,-4,-3,-1,-1,-5,-5,-3,-3,-1,-1,-2,3
"272",-5,-3,-4,-2,-1,-3,-3,-4,-1,-1,-4,-1,-1,-4,-2,-2,-2,-1,-3,1
"273",-5,-5,-4,-1,-1,-3,-2,-4,-2,-1,-1,-2,-1,-1,-1,-3,-5,-3,-4,1
"274",-5,-4,-5,-5,-2,-5,-5,-5,-2,-2,-5,-5,-5,-3,-3,-5,-2,-5,-5,2
"275",-2,-4,-2,-1,-1,-2,-2,-4,-3,-2,-3,-3,-3,-3,-2,-1,-2,-1,-3,1
"276",-5,-4,-3,-2,-2,-4,-3,-2,-1,-1,-4,-1,-3,-4,-2,-4,-2,-2,-4,1
"277",-5,-4,-5,-4,-5,-4,-5,-5,-5,-5,-2,-5,-5,-5,-5,-5,-5,-4,-5,2
"278",-5,-3,-1,-1,-1,-3,-3,-2,-1,-1,-2,-1,-1,-1,-2,-2,-1,-2,-5,1
"279",-5,-3,-4,-1,-1,-1,-3,-3,-1,-2,-3,-2,-1,-1,-2,-2,-4,-2,-3,1
"280",-5,-3,-5,-2,-2,-2,-1,-5,-1,-2,-2,-1,-2,-3,-3,-4,-4,-1,-3,1
"281",-5,-3,-2,-3,-4,-3,-3,-1,-1,-3,-3,-2,-4,-4,-3,-3,-2,-1,-3,2
"282",-5,-3,-4,-3,-2,-4,-5,-4,-1,-2,-3,-3,-4,-3,-4,-4,-3,-2,-5,2
"283",-5,-4,-3,-2,-2,-2,-2,-5,-4,-3,-2,-3,-2,-2,-5,-2,-4,-1,-3,3
"284",-5,-3,-3,-2,-4,-3,-4,-5,-2,-2,-5,-2,-3,-5,-3,-4,-3,-1,-4,2
"285",-5,-3,-2,-2,-1,-4,-3,-5,-5,-5,-1,-3,-3,-5,-5,-3,-1,-2,-2,3
"286",-5,-2,-2,-1,-4,-5,-4,-4,-1,-3,-1,-1,-1,-3,-1,-3,-1,-5,-5,2
"287",-5,-3,-4,-2,-2,-2,-2,-3,-2,-3,-2,-3,-3,-3,-3,-3,-2,-2,-5,1
"288",-5,-3,-4,-4,-3,-3,-3,-4,-4,-4,-5,-5,-2,-4,-3,-3,-4,-2,-4,2
"289",-5,-4,-3,-2,-2,-3,-2,-4,-2,-2,-2,-3,-3,-3,-3,-3,-3,-1,-5,1
"290",-5,-3,-3,-2,-1,-4,-4,-3,-1,-1,-5,-4,-3,-4,-2,-3,-1,-2,-5,2
"291",-5,-5,-3,-3,-4,-2,-1,-5,-4,-5,-2,-4,-3,-2,-5,-3,-1,-1,-2,3
"292",-5,-3,-4,-2,-3,-3,-2,-4,-1,-2,-4,-2,-2,-3,-2,-2,-3,-1,-4,1
"293",-5,-5,-3,-2,-3,-3,-3,-5,-2,-2,-5,-1,-5,-5,-1,-2,-4,-1,-2,2
"294",-4,-3,-3,-2,-3,-3,-5,-2,-1,-1,-2,-3,-1,-1,-1,-5,-1,-1,-3,1
"295",-5,-2,-3,-2,-3,-3,-4,-4,-2,-2,-3,-2,-3,-3,-2,-3,-2,-2,-5,2
"296",-5,-2,-2,-3,-3,-2,-3,-3,-2,-2,-2,-2,-4,-1,-4,-4,-1,-1,-2,1
"297",-5,-5,-4,-3,-2,-3,-3,-4,-2,-2,-4,-4,-4,-3,-2,-2,-4,-2,-4,2
"298",-5,-4,-3,-1,-2,-3,-2,-3,-1,-2,-3,-3,-3,-2,-3,-1,-4,-2,-5,1
"299",-5,-3,-5,-1,-2,-3,-2,-3,-1,-1,-5,-2,-2,-1,-2,-1,-5,-3,-3,1
"300",-5,-3,-2,-2,-1,-5,-3,-5,-5,-5,-1,-3,-3,-5,-5,-2,-1,-3,-2,3
"301",-5,-1,-1,-3,-2,-5,-3,-3,-1,-2,-3,-3,-2,-2,-4,-2,-1,-3,-2,3
"302",-5,-4,-1,-1,-1,-1,-1,-2,-2,-2,-5,-1,-1,-1,-1,-1,-5,-1,-2,1
"303",-5,-3,-3,-2,-2,-2,-4,-3,-1,-2,-4,-4,-3,-3,-3,-4,-3,-2,-3,2
"304",-5,-4,-3,-5,-2,-2,-5,-4,-2,-2,-1,-2,-2,-5,-2,-5,-1,-2,-5,2
"305",-5,-3,-2,-4,-4,-1,-2,-3,-1,-1,-2,-1,-1,-4,-3,-3,-1,-1,-5,1
"306",-4,-3,-4,-2,-1,-1,-2,-4,-3,-4,-2,-3,-2,-2,-2,-2,-3,-1,-4,1
"307",-5,-4,-1,-1,-1,-1,-1,-3,-1,-1,-5,-5,-1,-3,-1,-2,-4,-1,-3,1
"308",-5,-4,-3,-5,-2,-5,-5,-2,-1,-1,-1,-2,-5,-5,-3,-3,-2,-5,-4,2
"309",-5,-4,-5,-2,-1,-2,-3,-2,-1,-1,-3,-2,-3,-3,-1,-2,-4,-1,-5,1
"310",-2,-3,-4,-2,-2,-1,-1,-4,-3,-3,-2,-3,-1,-1,-3,-1,-2,-1,-4,1
"311",-5,-3,-3,-2,-4,-5,-3,-5,-2,-4,-1,-4,-4,-4,-5,-3,-1,-3,-5,3
"312",-5,-5,-2,-1,-3,-2,-1,-5,-5,-1,-1,-1,-1,-5,-1,-2,-1,-2,-2,3
"313",-5,-3,-3,-1,-2,-3,-2,-2,-1,-1,-4,-2,-2,-3,-5,-2,-1,-3,-4,1
"314",-5,-3,-3,-3,-2,-4,-4,-4,-2,-3,-3,-2,-2,-2,-3,-2,-3,-4,-4,2
"315",-5,-4,-2,-1,-3,-1,-2,-3,-1,-1,-5,-2,-1,-2,-1,-3,-2,-1,-4,1
"316",-4,-4,-3,-3,-4,-4,-4,-5,-3,-2,-4,-4,-3,-4,-2,-3,-2,-3,-5,2
"317",-5,-4,-3,-1,-1,-2,-2,-4,-4,-3,-5,-2,-2,-1,-1,-4,-3,-2,-2,1
"318",-4,-3,-5,-3,-3,-2,-1,-5,-2,-1,-3,-3,-3,-4,-1,-2,-2,-3,-3,1
"319",-5,-3,-4,-2,-4,-3,-2,-2,-1,-2,-4,-4,-2,-3,-1,-3,-2,-3,-5,1
"320",-5,-3,-4,-1,-2,-1,-3,-5,-1,-1,-5,-5,-3,-4,-3,-3,-1,-2,-5,1
"321",-5,-1,-3,-5,-5,-5,-2,-5,-4,-2,-3,-4,-5,-1,-1,-1,-1,-1,-2,3
"322",-5,-3,-1,-3,-2,-4,-5,-5,-3,-5,-2,-4,-1,-4,-4,-4,-1,-5,-3,3
"323",-2,-4,-4,-2,-3,-3,-2,-5,-4,-3,-3,-3,-2,-4,-3,-1,-2,-1,-4,3
"324",-5,-3,-2,-2,-3,-4,-2,-5,-4,-5,-1,-5,-4,-5,-5,-1,-2,-4,-1,3
"325",-5,-2,-2,-1,-2,-2,-2,-4,-2,-2,-3,-3,-1,-1,-1,-1,-3,-1,-4,1
"326",-5,-3,-3,-1,-3,-4,-1,-5,-4,-4,-1,-2,-5,-5,-5,-1,-3,-1,-5,3
"327",-5,-4,-3,-3,-2,-4,-3,-5,-3,-3,-4,-3,-3,-3,-2,-4,-1,-2,-5,2
"328",-5,-3,-5,-5,-5,-5,-5,-5,-3,-3,-2,-2,-5,-5,-3,-5,-2,-5,-5,2
"329",-4,-4,-2,-2,-2,-2,-2,-4,-2,-5,-1,-4,-2,-3,-4,-2,-4,-2,-2,3
"330",-5,-4,-2,-1,-1,-1,-1,-3,-1,-1,-2,-1,-1,-1,-1,-1,-1,-1,-5,1
"331",-5,-3,-5,-2,-2,-1,-2,-3,-1,-1,-3,-3,-2,-2,-1,-2,-3,-1,-5,1
"332",-5,-3,-2,-3,-3,-4,-2,-5,-4,-3,-1,-3,-4,-4,-5,-3,-1,-1,-3,3
"333",-5,-3,-5,-4,-3,-4,-5,-4,-2,-2,-3,-3,-4,-3,-2,-4,-2,-4,-4,2
"334",-5,-4,-4,-3,-2,-2,-3,-4,-1,-1,-4,-2,-2,-4,-2,-5,-5,-1,-4,1
"335",-5,-4,-2,-2,-3,-4,-3,-5,-3,-3,-1,-1,-3,-3,-3,-2,-1,-4,-2,3
"336",-5,-3,-4,-3,-4,-2,-2,-1,-1,-1,-4,-2,-1,-2,-2,-5,-4,-1,-5,1
"337",-5,-3,-2,-2,-2,-3,-4,-5,-3,-4,-3,-3,-3,-3,-5,-1,-2,-3,-3,3
"338",-5,-4,-3,-1,-1,-2,-3,-5,-5,-3,-4,-4,-4,-4,-5,-2,-1,-1,-3,3
"339",-5,-3,-5,-4,-4,-5,-4,-5,-3,-3,-4,-5,-5,-5,-4,-5,-3,-3,-4,2
"340",-5,-3,-3,-2,-1,-2,-3,-5,-3,-3,-5,-4,-2,-3,-3,-2,-4,-1,-4,1
"341",-5,-3,-5,-2,-2,-2,-4,-2,-1,-1,-5,-5,-3,-3,-2,-5,-2,-1,-5,2
"342",-5,-3,-3,-4,-2,-4,-4,-4,-1,-3,-4,-5,-5,-4,-3,-5,-3,-3,-5,2
"343",-5,-4,-3,-2,-2,-3,-3,-2,-1,-1,-2,-2,-4,-3,-2,-5,-1,-2,-3,2
"344",-4,-3,-1,-1,-2,-3,-2,-2,-1,-2,-2,-2,-3,-3,-4,-3,-3,-3,-2,1
"345",-4,-4,-3,-3,-3,-3,-3,-3,-2,-1,-3,-3,-3,-3,-2,-2,-1,-2,-3,1
"346",-5,-4,-4,-3,-1,-3,-2,-3,-1,-1,-5,-3,-1,-2,-2,-5,-2,-1,-4,1
"347",-5,-4,-1,-1,-3,-1,-1,-3,-5,-3,-2,-1,-1,-2,-2,-1,-1,-1,-1,3
"348",-5,-3,-3,-1,-1,-2,-1,-4,-2,-1,-1,-2,-2,-3,-2,-2,-1,-1,-3,1
"349",-5,-4,-3,-1,-3,-1,-2,-4,-5,-3,-3,-2,-2,-4,-5,-1,-5,-1,-3,3
"350",-5,-3,-3,-4,-2,-5,-4,-3,-1,-1,-2,-3,-4,-3,-1,-2,-2,-5,-3,2
"351",-5,-3,-3,-5,-2,-2,-3,-1,-1,-1,-4,-2,-1,-2,-1,-4,-1,-1,-4,1
"352",-5,-4,-3,-3,-2,-2,-2,-3,-3,-3,-5,-5,-3,-4,-3,-4,-5,-2,-2,2
"353",-5,-4,-2,-4,-1,-5,-5,-4,-3,-4,-2,-4,-3,-3,-4,-2,-1,-5,-4,3
"354",-5,-3,-4,-1,-2,-3,-1,-2,-1,-1,-3,-3,-2,-2,-2,-1,-4,-3,-4,1
"355",-5,-3,-2,-1,-3,-1,-3,-5,-4,-1,-1,-1,-1,-2,-2,-3,-1,-2,-2,3
"356",-2,-3,-2,-3,-3,-3,-4,-4,-2,-2,-2,-4,-2,-4,-3,-3,-1,-3,-3,2
"357",-5,-3,-4,-5,-5,-5,-2,-5,-1,-5,-3,-2,-2,-5,-5,-1,-5,-3,-4,2
"358",-5,-3,-4,-5,-1,-4,-5,-4,-1,-1,-3,-3,-4,-4,-1,-5,-4,-4,-5,2
"359",-5,-3,-4,-2,-3,-3,-3,-3,-1,-3,-3,-3,-5,-3,-2,-2,-2,-2,-3,2
"360",-5,-5,-3,-4,-3,-5,-5,-1,-1,-1,-1,-1,-4,-5,-3,-5,-1,-5,-3,2
"361",-5,-4,-5,-1,-5,-1,-5,-4,-1,-3,-4,-2,-3,-4,-3,-2,-4,-1,-4,2
"362",-5,-5,-4,-2,-1,-3,-1,-5,-1,-5,-4,-1,-1,-5,-3,-1,-1,-1,-4,3
"363",-5,-3,-3,-2,-2,-3,-4,-5,-1,-1,-4,-2,-4,-3,-1,-5,-2,-2,-5,2
"364",-5,-5,-3,-1,-1,-1,-1,-5,-5,-1,-1,-1,-1,-1,-1,-1,-5,-1,-3,1
"365",-5,-3,-4,-3,-1,-2,-2,-4,-4,-4,-2,-2,-2,-4,-2,-2,-3,-2,-4,3
"366",-5,-3,-4,-3,-2,-5,-3,-3,-2,-1,-3,-2,-3,-4,-4,-2,-2,-2,-5,2
"367",-5,-3,-3,-1,-1,-1,-1,-5,-1,-2,-4,-2,-1,-5,-3,-3,-3,-1,-5,1
"368",-5,-5,-1,-2,-1,-2,-2,-2,-4,-5,-1,-5,-1,-4,-4,-1,-1,-2,-1,3
"369",-5,-1,-4,-4,-2,-2,-3,-1,-1,-1,-1,-2,-1,-2,-2,-4,-1,-2,-5,1
"370",-5,-3,-5,-2,-5,-5,-5,-5,-1,-1,-3,-3,-4,-5,-5,-3,-3,-5,-5,2
"371",-5,-4,-1,-1,-1,-3,-1,-5,-3,-5,-1,-3,-2,-1,-1,-1,-1,-3,-2,3
"372",-5,-2,-2,-3,-2,-5,-5,-4,-1,-1,-2,-2,-5,-3,-2,-3,-2,-3,-5,2
"373",-5,-5,-4,-1,-1,-1,-4,-1,-1,-1,-4,-2,-1,-1,-1,-5,-5,-3,-5,1
"374",-5,-2,-3,-2,-1,-3,-3,-4,-3,-3,-1,-3,-3,-3,-3,-3,-2,-3,-5,3
"375",-5,-3,-3,-1,-1,-2,-3,-5,-3,-5,-3,-4,-3,-4,-5,-1,-2,-3,-4,3
"376",-5,-2,-1,-1,-1,-1,-1,-5,-4,-1,-1,-3,-4,-4,-4,-2,-1,-1,-2,3
"377",-5,-3,-3,-3,-1,-5,-1,-3,-1,-2,-2,-3,-5,-3,-5,-3,-2,-4,-2,2
"378",-5,-3,-5,-3,-2,-4,-5,-3,-2,-4,-3,-2,-2,-2,-1,-2,-3,-3,-5,2
"379",-5,-5,-3,-3,-3,-4,-2,-4,-2,-2,-2,-4,-3,-3,-3,-4,-3,-2,-4,2
"380",-4,-3,-4,-1,-3,-2,-3,-2,-1,-1,-3,-3,-3,-2,-2,-4,-5,-4,-2,1
"381",-5,-3,-2,-2,-2,-3,-1,-5,-4,-3,-3,-3,-3,-4,-5,-3,-1,-1,-1,3
"382",-5,-3,-4,-4,-4,-2,-4,-4,-3,-4,-2,-2,-2,-3,-5,-3,-2,-2,-5,2
"383",-5,-4,-4,-1,-2,-2,-3,-3,-1,-1,-4,-3,-3,-2,-1,-5,-4,-1,-5,1
"384",-5,-3,-1,-1,-1,-1,-2,-5,-5,-3,-2,-1,-1,-5,-3,-1,-1,-1,-3,3
"385",-4,-3,-2,-2,-2,-2,-1,-4,-2,-2,-2,-3,-2,-3,-2,-4,-3,-2,-4,1
"386",-5,-3,-2,-1,-1,-1,-2,-3,-1,-2,-3,-1,-1,-3,-1,-1,-4,-1,-3,1
"387",-5,-3,-1,-1,-1,-2,-3,-5,-4,-4,-4,-3,-1,-2,-1,-2,-1,-2,-4,3
"388",-5,-5,-5,-2,-2,-1,-1,-2,-1,-1,-4,-2,-2,-3,-3,-2,-4,-1,-4,1
"389",-5,-3,-4,-1,-2,-4,-3,-4,-1,-1,-3,-3,-3,-4,-3,-3,-4,-1,-4,2
"390",-5,-3,-4,-2,-4,-3,-3,-4,-1,-4,-3,-4,-4,-4,-2,-2,-2,-1,-5,2
"391",-4,-3,-2,-2,-2,-4,-3,-3,-1,-2,-3,-3,-3,-3,-2,-3,-3,-3,-3,2
"392",-5,-4,-3,-2,-4,-2,-2,-3,-4,-4,-2,-5,-4,-5,-5,-2,-4,-2,-2,3
"393",-5,-3,-4,-2,-2,-2,-3,-3,-1,-1,-4,-2,-3,-2,-2,-5,-1,-1,-5,1
"394",-4,-3,-4,-1,-2,-2,-1,-3,-1,-1,-4,-2,-1,-2,-1,-1,-4,-1,-3,1
"395",-3,-2,-1,-3,-3,-3,-4,-1,-1,-1,-1,-1,-1,-1,-1,-1,-1,-2,-1,1
"396",-5,-3,-4,-2,-2,-2,-2,-4,-1,-1,-4,-1,-2,-4,-3,-2,-3,-2,-4,1
"397",-5,-3,-3,-3,-1,-2,-5,-4,-2,-2,-2,-3,-3,-5,-2,-5,-1,-1,-3,2
"398",-5,-4,-4,-3,-1,-5,-3,-3,-1,-1,-2,-2,-1,-1,-1,-3,-1,-4,-5,1
"399",-5,-3,-3,-2,-2,-3,-1,-4,-1,-1,-3,-2,-3,-2,-2,-3,-3,-1,-4,1
"400",-5,-3,-4,-1,-1,-1,-1,-3,-3,-3,-3,-3,-2,-4,-3,-1,-3,-1,-5,1
"401",-4,-4,-2,-1,-1,-2,-3,-5,-3,-4,-3,-5,-4,-4,-4,-2,-1,-1,-4,3
"402",-5,-3,-4,-2,-1,-2,-3,-5,-2,-5,-3,-3,-2,-3,-2,-2,-4,-2,-5,1
"403",-5,-5,-3,-1,-1,-1,-1,-2,-1,-4,-5,-5,-1,-2,-3,-1,-1,-1,-3,1
"404",-5,-4,-4,-2,-1,-2,-1,-5,-2,-3,-2,-2,-2,-3,-3,-2,-4,-1,-4,1
"405",-4,-2,-2,-2,-3,-3,-3,-3,-2,-3,-1,-4,-3,-3,-5,-2,-3,-3,-2,3
"406",-5,-4,-3,-1,-1,-1,-1,-4,-2,-4,-5,-5,-1,-1,-3,-1,-1,-1,-2,1
"407",-5,-3,-2,-4,-3,-3,-3,-3,-1,-1,-1,-3,-3,-3,-3,-4,-2,-4,-3,2
"408",-5,-3,-3,-1,-1,-3,-3,-3,-1,-1,-3,-3,-1,-1,-5,-5,-1,-1,-5,1
"409",-5,-4,-4,-3,-3,-3,-2,-4,-1,-4,-2,-3,-2,-4,-2,-5,-3,-2,-3,2
"410",-5,-3,-3,-2,-2,-3,-4,-1,-1,-2,-2,-4,-4,-2,-3,-5,-2,-2,-3,2
"411",-5,-3,-3,-1,-3,-3,-3,-3,-1,-1,-4,-1,-3,-3,-1,-3,-5,-1,-4,1
"412",-4,-2,-4,-3,-2,-3,-2,-2,-2,-1,-4,-2,-1,-2,-2,-2,-2,-1,-3,1
"413",-5,-3,-3,-2,-4,-4,-2,-5,-2,-2,-5,-4,-4,-5,-2,-2,-2,-2,-4,2
"414",-4,-3,-4,-3,-1,-2,-3,-2,-1,-1,-3,-3,-2,-3,-1,-3,-1,-3,-5,1
"415",-5,-3,-4,-2,-2,-2,-2,-5,-4,-5,-2,-5,-3,-4,-5,-2,-2,-1,-3,3
"416",-3,-3,-2,-2,-4,-3,-2,-3,-1,-2,-1,-1,-1,-2,-1,-1,-1,-2,-4,1
"417",-5,-2,-1,-1,-1,-1,-1,-4,-4,-3,-1,-1,-1,-1,-4,-1,-1,-1,-2,3
"418",-5,-3,-5,-1,-1,-3,-1,-3,-1,-1,-5,-2,-1,-1,-3,-1,-5,-1,-5,1
"419",-5,-3,-2,-1,-1,-4,-3,-5,-4,-3,-3,-3,-5,-5,-5,-5,-1,-2,-4,3
"420",-5,-3,-2,-1,-1,-2,-4,-5,-3,-3,-1,-2,-3,-5,-5,-2,-1,-1,-2,3
"421",-5,-4,-5,-2,-3,-2,-3,-4,-2,-2,-2,-2,-2,-4,-4,-2,-3,-2,-4,2
"422",-5,-4,-5,-3,-5,-3,-4,-4,-2,-3,-4,-3,-4,-5,-4,-5,-4,-4,-5,2
"423",-5,-4,-4,-4,-1,-5,-1,-2,-4,-1,-1,-1,-4,-4,-4,-1,-5,-4,-1,3
"424",-3,-4,-2,-1,-3,-1,-1,-4,-2,-4,-4,-4,-3,-1,-1,-1,-1,-1,-3,1
"425",-5,-4,-3,-2,-1,-5,-3,-5,-3,-5,-3,-2,-4,-3,-1,-5,-1,-1,-4,2
"426",-5,-3,-4,-2,-1,-2,-1,-5,-1,-1,-1,-3,-5,-4,-4,-4,-1,-1,-4,2
"427",-3,-3,-4,-2,-2,-2,-1,-2,-1,-1,-3,-2,-3,-3,-3,-3,-2,-1,-4,1
"428",-5,-3,-2,-4,-3,-5,-4,-5,-3,-2,-3,-3,-5,-5,-4,-3,-1,-4,-3,2
"429",-5,-5,-2,-2,-2,-1,-1,-5,-1,-5,-3,-5,-2,-5,-5,-1,-1,-1,-2,3
"430",-4,-3,-3,-2,-2,-2,-3,-2,-1,-1,-5,-1,-1,-2,-1,-5,-4,-2,-3,1
"431",-5,-3,-3,-2,-2,-2,-2,-4,-2,-3,-3,-2,-2,-3,-1,-5,-1,-2,-4,1
"432",-5,-5,-3,-3,-1,-4,-4,-5,-2,-2,-1,-2,-3,-4,-5,-3,-2,-2,-2,3
"433",-5,-3,-4,-1,-2,-2,-1,-3,-1,-1,-5,-2,-2,-3,-3,-4,-2,-1,-5,1
"434",-5,-3,-2,-2,-1,-2,-4,-5,-2,-2,-1,-4,-5,-4,-5,-2,-1,-2,-2,3
"435",-3,-2,-3,-2,-4,-5,-4,-3,-1,-1,-2,-2,-2,-4,-3,-4,-2,-4,-3,2
"436",-5,-4,-3,-3,-3,-4,-4,-5,-2,-3,-1,-3,-5,-5,-1,-4,-1,-5,-5,2
"437",-5,-3,-3,-2,-1,-3,-2,-4,-1,-1,-1,-3,-2,-3,-5,-3,-1,-1,-2,3
"438",-5,-3,-3,-5,-2,-4,-2,-4,-2,-1,-1,-2,-2,-4,-5,-4,-4,-4,-2,2
"439",-5,-3,-4,-5,-3,-4,-2,-4,-2,-2,-2,-2,-4,-4,-2,-5,-2,-2,-4,2
"440",-5,-4,-4,-3,-2,-4,-2,-5,-3,-4,-3,-3,-4,-5,-3,-1,-3,-3,-2,3
"441",-5,-3,-2,-2,-1,-5,-5,-4,-1,-1,-1,-1,-1,-2,-1,-4,-5,-4,-4,2
"442",-5,-3,-5,-1,-1,-2,-2,-1,-1,-1,-5,-2,-1,-2,-2,-2,-1,-1,-5,1
"443",-5,-4,-3,-4,-2,-2,-2,-5,-3,-4,-3,-3,-2,-4,-4,-2,-1,-1,-3,3
"444",-5,-4,-2,-1,-1,-1,-1,-2,-3,-3,-5,-1,-1,-1,-2,-1,-2,-1,-2,1
"445",-5,-4,-3,-4,-3,-3,-4,-2,-1,-1,-2,-5,-4,-4,-4,-4,-1,-2,-2,2
"446",-5,-3,-5,-3,-3,-4,-4,-4,-3,-2,-4,-4,-4,-3,-3,-3,-2,-4,-4,2
"447",-5,-3,-3,-1,-2,-3,-2,-3,-1,-1,-4,-4,-4,-3,-3,-2,-1,-1,-3,1
"448",-5,-4,-3,-1,-1,-2,-3,-4,-5,-5,-3,-2,-1,-3,-3,-3,-3,-1,-3,3
"449",-5,-3,-1,-5,-5,-2,-2,-5,-1,-1,-1,-2,-1,-5,-3,-2,-1,-2,-3,3
"450",-5,-4,-4,-3,-3,-3,-4,-5,-5,-3,-1,-2,-3,-3,-4,-2,-1,-2,-4,3
"451",-5,-5,-5,-3,-1,-2,-3,-4,-4,-3,-5,-3,-2,-3,-3,-2,-4,-3,-5,2
"452",-5,-3,-3,-1,-1,-4,-4,-4,-3,-3,-4,-3,-1,-1,-3,-4,-4,-4,-4,2
"453",-5,-4,-4,-2,-2,-3,-2,-4,-1,-2,-4,-3,-3,-2,-2,-5,-4,-4,-5,2
"454",-5,-4,-4,-3,-1,-2,-1,-2,-2,-1,-4,-4,-2,-2,-2,-2,-4,-1,-1,1
"455",-5,-3,-3,-1,-2,-2,-2,-2,-1,-1,-4,-4,-2,-2,-2,-4,-2,-1,-4,1
"456",-5,-3,-5,-5,-1,-5,-4,-3,-2,-2,-3,-3,-4,-4,-2,-5,-3,-3,-5,2
"457",-5,-3,-4,-2,-2,-3,-3,-3,-1,-2,-3,-3,-3,-3,-3,-4,-4,-3,-4,2
"458",-3,-4,-3,-3,-3,-3,-3,-5,-1,-3,-3,-3,-3,-3,-3,-3,-1,-3,-3,2
"459",-5,-4,-3,-1,-1,-2,-2,-4,-4,-4,-5,-5,-3,-4,-3,-3,-1,-1,-4,3
"460",-5,-4,-3,-1,-1,-5,-3,-5,-1,-2,-5,-1,-3,-5,-1,-1,-3,-2,-5,1
"461",-5,-2,-1,-2,-2,-2,-1,-5,-3,-2,-1,-1,-2,-3,-4,-3,-1,-2,-3,3
"462",-5,-3,-3,-5,-2,-3,-3,-2,-1,-1,-1,-1,-1,-1,-4,-3,-1,-1,-5,1
"463",-5,-4,-2,-5,-4,-5,-2,-5,-4,-3,-1,-2,-3,-5,-5,-2,-1,-1,-2,3
"464",-5,-3,-4,-2,-1,-3,-3,-4,-2,-1,-2,-4,-5,-3,-3,-4,-4,-2,-4,2
"465",-5,-3,-3,-1,-2,-2,-2,-5,-2,-3,-2,-2,-3,-5,-5,-3,-3,-2,-3,3
"466",-5,-1,-3,-3,-4,-4,-4,-5,-3,-4,-4,-3,-4,-5,-1,-4,-4,-1,-5,2
"467",-5,-5,-2,-1,-1,-1,-2,-2,-2,-1,-5,-3,-1,-1,-1,-3,-5,-1,-4,1
"468",-5,-3,-3,-2,-1,-4,-3,-4,-1,-3,-3,-3,-1,-3,-5,-1,-2,-3,-3,3
"469",-5,-3,-3,-2,-1,-3,-3,-4,-4,-4,-4,-2,-1,-3,-3,-3,-3,-2,-4,3
"470",-5,-3,-3,-2,-2,-5,-1,-5,-4,-1,-1,-1,-1,-3,-4,-1,-1,-4,-4,3
"471",-5,-3,-3,-5,-1,-5,-5,-5,-1,-2,-4,-4,-2,-5,-3,-3,-3,-5,-5,2
"472",-5,-4,-3,-2,-2,-2,-3,-2,-2,-2,-4,-3,-2,-2,-2,-3,-1,-1,-3,1
"473",-5,-4,-2,-3,-1,-4,-5,-5,-4,-3,-2,-2,-2,-4,-5,-3,-1,-3,-2,3
"474",-5,-3,-3,-3,-3,-3,-1,-3,-3,-3,-3,-3,-3,-3,-3,-1,-3,-1,-3,3
"475",-5,-3,-3,-2,-2,-5,-5,-5,-3,-3,-2,-5,-5,-5,-4,-5,-1,-5,-4,2
"476",-5,-4,-1,-4,-2,-5,-3,-4,-5,-2,-2,-2,-1,-4,-3,-1,-1,-5,-1,3
"477",-5,-3,-2,-5,-4,-3,-3,-5,-2,-2,-1,-3,-3,-5,-4,-2,-1,-2,-3,3
"478",-3,-3,-4,-4,-2,-2,-2,-2,-1,-1,-3,-1,-1,-1,-3,-2,-3,-2,-3,1
"479",-4,-3,-3,-4,-2,-3,-4,-3,-2,-2,-3,-1,-2,-3,-2,-3,-3,-1,-3,1
"480",-5,-5,-5,-3,-1,-1,-2,-1,-1,-2,-4,-5,-3,-1,-2,-4,-2,-1,-5,1
"481",-5,-3,-2,-3,-3,-2,-3,-4,-2,-2,-2,-4,-4,-4,-3,-3,-1,-2,-4,2
"482",-5,-3,-5,-2,-2,-1,-2,-4,-2,-1,-5,-3,-1,-2,-1,-1,-1,-1,-2,1
"483",-5,-3,-4,-3,-3,-4,-2,-4,-1,-3,-5,-3,-4,-4,-2,-4,-4,-3,-4,2
"484",-5,-4,-4,-1,-3,-3,-1,-5,-2,-3,-5,-3,-1,-3,-3,-1,-2,-1,-4,1
"485",-5,-5,-5,-1,-1,-1,-1,-5,-1,-5,-3,-3,-1,-2,-1,-1,-2,-1,-1,1
"486",-5,-3,-5,-2,-2,-2,-3,-2,-1,-2,-2,-2,-2,-2,-2,-2,-3,-3,-4,1
"487",-5,-3,-3,-2,-2,-2,-3,-2,-1,-1,-4,-3,-1,-2,-1,-3,-2,-1,-2,1
"488",-5,-4,-5,-2,-1,-2,-1,-3,-1,-1,-3,-1,-1,-1,-3,-3,-3,-1,-5,1
"489",-5,-3,-4,-4,-2,-3,-2,-3,-2,-2,-2,-3,-1,-2,-3,-3,-2,-1,-3,1
"490",-5,-3,-3,-1,-1,-2,-1,-3,-1,-2,-2,-1,-1,-3,-2,-2,-1,-1,-3,1
"491",-5,-3,-3,-1,-1,-4,-3,-3,-3,-1,-2,-2,-1,-2,-1,-1,-1,-2,-3,1
"492",-4,-3,-3,-1,-1,-1,-1,-4,-3,-3,-3,-1,-1,-3,-4,-1,-4,-1,-2,1
"493",-5,-5,-5,-3,-1,-1,-3,-3,-1,-1,-3,-2,-1,-1,-2,-2,-5,-1,-3,1
"494",-5,-4,-3,-4,-3,-4,-4,-4,-2,-3,-2,-2,-3,-3,-4,-5,-2,-2,-2,2
"495",-5,-3,-3,-2,-4,-3,-5,-3,-1,-2,-5,-5,-2,-2,-2,-2,-3,-2,-3,2
"496",-5,-4,-4,-2,-1,-2,-5,-3,-1,-1,-1,-1,-1,-1,-1,-2,-2,-1,-3,1
"497",-5,-3,-3,-2,-3,-2,-4,-2,-1,-1,-4,-3,-2,-4,-3,-4,-1,-2,-5,2
"498",-5,-3,-4,-3,-2,-5,-2,-5,-4,-3,-3,-2,-5,-5,-3,-2,-5,-1,-5,2
"499",-5,-3,-1,-1,-1,-1,-1,-1,-1,-1,-5,-3,-2,-2,-2,-1,-3,-1,-1,1
"500",-5,-4,-2,-2,-1,-1,-4,-4,-3,-4,-4,-5,-3,-2,-5,-2,-5,-1,-3,3
"501",-3,-3,-4,-3,-1,-3,-3,-3,-2,-1,-4,-4,-4,-3,-3,-3,-4,-2,-2,2
"502",-5,-4,-2,-1,-1,-3,-4,-4,-1,-1,-5,-3,-4,-4,-2,-3,-1,-1,-5,1
"503",-5,-3,-4,-3,-3,-2,-2,-3,-1,-1,-2,-3,-3,-3,-1,-4,-4,-2,-5,1
"504",-5,-3,-3,-3,-3,-3,-2,-4,-3,-1,-3,-2,-4,-4,-3,-4,-4,-2,-3,2
"505",-5,-5,-5,-3,-4,-4,-3,-3,-4,-2,-1,-3,-2,-1,-5,-3,-5,-1,-2,2
"506",-5,-3,-2,-1,-1,-1,-1,-4,-4,-5,-3,-4,-1,-3,-2,-1,-2,-1,-2,3
"507",-5,-3,-4,-1,-1,-2,-5,-1,-1,-1,-4,-1,-1,-2,-1,-5,-1,-2,-2,1
"508",-5,-4,-1,-1,-1,-3,-4,-5,-5,-5,-1,-2,-1,-5,-3,-2,-2,-2,-1,3
"509",-5,-3,-3,-2,-3,-3,-4,-5,-4,-3,-1,-4,-4,-5,-3,-4,-1,-2,-3,3
"510",-4,-3,-3,-3,-2,-1,-5,-1,-1,-1,-4,-2,-4,-2,-2,-5,-1,-2,-4,1
"511",-5,-3,-3,-3,-1,-3,-3,-1,-1,-1,-4,-2,-2,-2,-2,-5,-4,-1,-4,1
"512",-5,-3,-2,-3,-1,-4,-3,-5,-3,-2,-2,-4,-3,-3,-4,-4,-1,-2,-2,3
"513",-5,-3,-2,-3,-1,-5,-1,-4,-1,-4,-2,-2,-4,-1,-5,-1,-1,-3,-3,3
"514",-5,-5,-1,-1,-1,-1,-3,-4,-4,-5,-1,-4,-1,-2,-1,-1,-1,-1,-1,3
"515",-5,-4,-4,-2,-2,-2,-2,-5,-2,-3,-4,-2,-2,-4,-3,-3,-3,-2,-5,1
"516",-4,-3,-4,-2,-3,-2,-1,-4,-2,-4,-4,-3,-3,-3,-2,-5,-3,-2,-3,2
"517",-5,-4,-5,-3,-4,-2,-2,-4,-3,-3,-4,-4,-2,-4,-4,-2,-3,-1,-5,2
"518",-5,-3,-2,-1,-1,-5,-3,-4,-4,-3,-5,-5,-2,-2,-4,-1,-4,-1,-4,3
"519",-5,-3,-1,-4,-3,-4,-3,-4,-1,-2,-1,-1,-4,-5,-5,-4,-1,-2,-2,3
"520",-4,-4,-4,-2,-3,-2,-2,-4,-4,-2,-3,-1,-4,-4,-3,-3,-3,-1,-5,2
"521",-5,-3,-3,-2,-2,-1,-3,-4,-1,-5,-4,-4,-2,-2,-5,-2,-1,-1,-4,1
"522",-5,-3,-1,-5,-5,-2,-3,-5,-3,-4,-1,-3,-3,-4,-1,-1,-1,-2,-3,3
"523",-4,-3,-3,-2,-1,-2,-2,-4,-1,-2,-2,-1,-2,-3,-2,-2,-1,-2,-5,1
"524",-3,-3,-3,-1,-3,-3,-3,-3,-3,-3,-1,-3,-3,-4,-1,-4,-1,-2,-4,2
"525",-4,-3,-3,-2,-2,-5,-2,-3,-2,-2,-5,-2,-3,-2,-3,-2,-4,-3,-3,1
"526",-5,-4,-3,-2,-2,-3,-2,-5,-4,-2,-2,-2,-4,-5,-4,-2,-3,-2,-4,3
"527",-5,-3,-3,-2,-1,-1,-1,-3,-1,-1,-3,-2,-1,-2,-1,-1,-3,-1,-5,1
"528",-5,-3,-5,-1,-1,-3,-2,-4,-3,-3,-4,-4,-3,-2,-3,-5,-5,-3,-3,2
"529",-5,-2,-3,-2,-2,-2,-1,-4,-3,-1,-5,-2,-4,-3,-4,-4,-3,-1,-3,1
"530",-5,-3,-4,-1,-1,-3,-2,-4,-1,-1,-1,-4,-5,-3,-1,-2,-5,-1,-4,1
"531",-5,-3,-3,-3,-1,-5,-4,-5,-2,-3,-2,-2,-5,-3,-5,-3,-3,-2,-4,2
"532",-3,-3,-4,-1,-5,-4,-1,-5,-3,-2,-1,-4,-3,-5,-1,-4,-4,-1,-3,2
"533",-5,-3,-3,-2,-4,-5,-5,-4,-1,-1,-1,-2,-2,-1,-1,-5,-1,-5,-3,2
"534",-5,-5,-5,-4,-2,-5,-5,-5,-1,-1,-5,-5,-5,-1,-3,-5,-1,-5,-5,2
"535",-5,-1,-3,-3,-1,-5,-4,-3,-2,-2,-3,-2,-3,-3,-2,-3,-2,-5,-3,2
"536",-5,-3,-2,-1,-1,-5,-2,-4,-1,-3,-4,-1,-1,-3,-3,-2,-2,-1,-4,1
"537",-5,-3,-5,-4,-4,-5,-5,-4,-2,-4,-3,-4,-4,-5,-3,-3,-4,-3,-5,2
"538",-5,-2,-3,-1,-2,-1,-2,-5,-2,-1,-4,-2,-2,-4,-1,-2,-1,-1,-5,1
"539",-5,-4,-5,-3,-2,-3,-3,-2,-1,-3,-4,-1,-2,-4,-3,-5,-2,-1,-5,2
"540",-5,-3,-4,-2,-2,-1,-1,-3,-2,-1,-4,-4,-4,-2,-2,-3,-4,-2,-3,1
"541",-5,-5,-4,-4,-3,-1,-4,-1,-1,-1,-1,-2,-3,-3,-4,-3,-2,-1,-2,1
"542",-4,-4,-3,-1,-1,-2,-2,-5,-5,-5,-4,-4,-3,-3,-3,-3,-2,-1,-3,3
"543",-5,-3,-5,-3,-2,-2,-2,-4,-1,-1,-5,-3,-2,-2,-2,-5,-3,-2,-4,1
"544",-5,-5,-4,-1,-3,-2,-3,-4,-3,-2,-4,-5,-4,-4,-2,-5,-5,-1,-5,2
"545",-5,-4,-4,-3,-2,-2,-2,-3,-3,-2,-5,-2,-2,-3,-3,-2,-4,-2,-4,1
"546",-5,-4,-3,-5,-3,-1,-1,-3,-1,-1,-2,-3,-3,-2,-1,-3,-1,-1,-4,1
"547",-5,-3,-3,-4,-2,-4,-4,-3,-2,-2,-4,-3,-4,-3,-4,-3,-2,-3,-4,2
"548",-4,-2,-4,-4,-2,-3,-4,-4,-1,-1,-2,-4,-4,-4,-1,-4,-1,-2,-4,2
"549",-5,-3,-3,-5,-4,-3,-3,-4,-1,-4,-5,-5,-3,-5,-5,-5,-3,-4,-4,2
"550",-5,-3,-3,-3,-2,-2,-5,-5,-3,-5,-4,-4,-3,-4,-3,-3,-1,-3,-5,2
"551",-5,-3,-2,-1,-2,-1,-1,-5,-5,-3,-1,-2,-5,-5,-5,-1,-1,-1,-1,3
"552",-5,-4,-5,-2,-2,-4,-3,-5,-4,-5,-5,-2,-1,-1,-1,-1,-1,-1,-5,1
"553",-5,-3,-3,-3,-3,-3,-3,-3,-2,-2,-5,-4,-3,-3,-3,-3,-3,-3,-4,2
"554",-4,-3,-4,-4,-2,-5,-5,-3,-2,-2,-2,-2,-1,-1,-3,-3,-3,-5,-3,2
"555",-4,-5,-3,-3,-2,-2,-2,-4,-2,-2,-4,-4,-2,-2,-1,-3,-1,-2,-5,1
"556",-5,-4,-4,-2,-1,-4,-4,-2,-1,-1,-4,-2,-3,-2,-4,-4,-5,-3,-3,2
"557",-5,-3,-3,-1,-3,-5,-4,-3,-1,-1,-5,-2,-4,-5,-3,-5,-1,-1,-5,2
"558",-5,-4,-5,-5,-2,-2,-5,-3,-1,-1,-3,-2,-2,-4,-1,-5,-2,-2,-4,2
"559",-5,-3,-5,-2,-2,-2,-2,-3,-3,-3,-4,-4,-4,-4,-3,-3,-2,-2,-3,2
"560",-5,-3,-4,-1,-1,-1,-2,-2,-1,-1,-4,-2,-1,-2,-1,-2,-3,-1,-4,1
"561",-5,-4,-4,-2,-2,-3,-2,-3,-2,-2,-4,-3,-3,-3,-3,-4,-4,-3,-3,2
"562",-4,-3,-3,-2,-1,-3,-1,-4,-1,-1,-1,-1,-1,-2,-1,-2,-1,-1,-5,1
"563",-5,-3,-3,-2,-2,-3,-2,-5,-5,-2,-1,-3,-4,-5,-2,-4,-1,-4,-3,3
"564",-4,-3,-4,-3,-2,-3,-2,-3,-2,-1,-3,-2,-2,-2,-2,-4,-3,-2,-5,1
"565",-5,-3,-3,-2,-2,-2,-2,-5,-3,-4,-3,-4,-2,-3,-3,-2,-4,-1,-3,3
"566",-5,-3,-2,-2,-2,-4,-2,-5,-3,-3,-2,-1,-4,-4,-3,-1,-1,-4,-2,3
"567",-5,-3,-5,-2,-2,-3,-2,-2,-2,-1,-5,-2,-3,-2,-3,-2,-4,-1,-2,1
"568",-5,-3,-2,-2,-1,-3,-1,-5,-3,-4,-3,-5,-4,-3,-3,-2,-1,-2,-4,3
"569",-5,-4,-3,-1,-1,-2,-3,-1,-1,-1,-2,-1,-1,-1,-1,-1,-2,-1,-3,1
"570",-5,-4,-3,-2,-2,-1,-3,-4,-1,-1,-3,-4,-1,-3,-1,-1,-2,-2,-4,1
"571",-5,-2,-3,-4,-4,-3,-4,-2,-1,-1,-1,-2,-3,-4,-3,-5,-1,-3,-1,2
"572",-5,-3,-1,-2,-1,-3,-1,-5,-5,-5,-5,-5,-3,-5,-5,-3,-4,-4,-2,3
"573",-5,-3,-2,-1,-2,-2,-2,-5,-3,-2,-1,-1,-1,-4,-5,-1,-1,-1,-2,3
"574",-5,-3,-2,-1,-1,-5,-3,-2,-1,-3,-5,-4,-4,-1,-2,-2,-1,-2,-1,1
"575",-5,-3,-1,-2,-3,-4,-2,-5,-5,-1,-2,-2,-4,-5,-5,-4,-1,-2,-2,3
"576",-4,-3,-4,-2,-3,-3,-4,-3,-3,-4,-4,-3,-3,-3,-4,-4,-4,-2,-3,2
"577",-5,-3,-3,-2,-2,-2,-3,-3,-3,-1,-2,-3,-3,-2,-2,-5,-2,-2,-3,1
"578",-5,-3,-3,-3,-3,-2,-3,-3,-1,-1,-4,-4,-4,-4,-4,-4,-4,-3,-3,2
"579",-3,-1,-2,-4,-2,-5,-5,-4,-2,-2,-1,-1,-3,-2,-3,-3,-1,-5,-4,2
"580",-4,-3,-2,-2,-1,-3,-4,-4,-2,-1,-3,-2,-4,-4,-3,-4,-1,-4,-5,2
"581",-5,-4,-3,-3,-1,-3,-1,-5,-3,-3,-4,-1,-1,-3,-1,-3,-1,-1,-3,1
"582",-5,-3,-3,-3,-3,-3,-5,-4,-2,-1,-2,-2,-2,-3,-1,-3,-3,-2,-5,2
"583",-5,-4,-2,-2,-1,-2,-2,-2,-2,-1,-2,-1,-2,-1,-5,-2,-2,-2,-1,1
"584",-4,-3,-3,-2,-1,-3,-3,-3,-2,-3,-3,-3,-2,-3,-1,-4,-1,-1,-4,1
"585",-5,-3,-2,-3,-3,-3,-3,-5,-5,-4,-1,-5,-3,-4,-4,-4,-1,-5,-2,3
"586",-5,-3,-2,-2,-1,-2,-2,-5,-2,-5,-3,-5,-4,-5,-5,-2,-3,-1,-1,3
"587",-5,-4,-4,-3,-4,-2,-4,-5,-2,-3,-5,-5,-2,-5,-2,-5,-5,-1,-5,2
"588",-5,-5,-4,-3,-2,-4,-4,-5,-5,-4,-4,-5,-4,-3,-4,-4,-4,-4,-3,2
"589",-4,-4,-4,-2,-3,-3,-3,-4,-3,-4,-3,-4,-3,-4,-3,-2,-5,-2,-4,2
"590",-5,-3,-2,-5,-5,-3,-3,-5,-4,-3,-3,-3,-3,-5,-1,-5,-1,-1,-5,2
"591",-5,-5,-5,-1,-1,-2,-3,-4,-1,-2,-4,-2,-2,-3,-2,-4,-1,-1,-5,1
"592",-5,-3,-3,-2,-3,-3,-4,-3,-2,-3,-4,-3,-4,-4,-1,-4,-3,-2,-4,2
"593",-5,-4,-4,-3,-1,-3,-4,-5,-1,-5,-3,-1,-1,-2,-1,-4,-1,-1,-4,1
"594",-5,-3,-3,-1,-2,-2,-1,-4,-1,-2,-4,-2,-2,-2,-2,-4,-3,-2,-4,1
"595",-5,-4,-4,-1,-2,-3,-2,-4,-1,-3,-3,-3,-3,-4,-4,-3,-3,-2,-2,2
"596",-5,-3,-4,-2,-2,-2,-3,-4,-4,-2,-4,-2,-4,-5,-5,-4,-2,-2,-3,2
"597",-5,-3,-2,-3,-3,-3,-3,-5,-5,-4,-4,-3,-4,-4,-4,-2,-2,-2,-4,3
"598",-5,-3,-3,-2,-2,-3,-2,-3,-2,-1,-4,-3,-3,-3,-3,-4,-4,-1,-4,1
"599",-5,-3,-3,-3,-4,-5,-2,-5,-4,-2,-3,-3,-5,-5,-1,-5,-4,-3,-3,2
"600",-5,-4,-4,-2,-2,-3,-5,-4,-2,-2,-5,-3,-4,-4,-4,-4,-3,-4,-5,2
"601",-5,-3,-3,-1,-1,-3,-3,-5,-3,-5,-3,-1,-1,-2,-2,-3,-1,-2,-4,3
"602",-5,-5,-5,-4,-1,-3,-3,-3,-1,-1,-5,-5,-3,-2,-2,-5,-2,-2,-5,2
"603",-5,-3,-4,-3,-1,-2,-3,-3,-1,-2,-3,-3,-2,-2,-1,-5,-2,-1,-5,1
"604",-5,-3,-3,-3,-2,-1,-1,-4,-2,-1,-4,-2,-1,-2,-1,-4,-1,-1,-1,1
"605",-5,-5,-5,-4,-3,-4,-2,-2,-1,-1,-2,-2,-3,-3,-2,-3,-5,-4,-2,2
"606",-5,-2,-1,-3,-3,-5,-2,-5,-5,-2,-1,-1,-2,-3,-3,-3,-1,-4,-4,3
"607",-5,-3,-4,-2,-1,-2,-4,-5,-1,-2,-4,-5,-2,-4,-3,-5,-2,-1,-5,2
"608",-5,-4,-5,-1,-2,-4,-3,-5,-3,-4,-3,-5,-4,-4,-5,-3,-3,-2,-3,2
"609",-5,-3,-4,-2,-3,-3,-4,-4,-2,-1,-4,-3,-2,-1,-3,-2,-3,-2,-5,1
"610",-5,-3,-2,-2,-1,-3,-4,-4,-5,-2,-2,-2,-2,-3,-4,-2,-2,-4,-3,3
"611",-5,-4,-2,-1,-1,-2,-3,-3,-1,-1,-5,-4,-1,-1,-4,-1,-4,-1,-5,1
"612",-5,-3,-3,-2,-2,-2,-2,-5,-5,-3,-4,-3,-4,-4,-5,-4,-2,-2,-3,3
"613",-4,-4,-4,-3,-3,-2,-2,-4,-1,-2,-4,-5,-3,-2,-2,-2,-1,-1,-5,1
"614",-4,-3,-3,-3,-4,-2,-2,-4,-2,-3,-2,-4,-2,-4,-1,-4,-1,-1,-4,2
"615",-5,-3,-3,-4,-4,-3,-3,-4,-1,-5,-4,-5,-5,-5,-5,-4,-2,-2,-3,2
"616",-5,-3,-5,-3,-3,-1,-3,-5,-1,-1,-4,-5,-1,-3,-3,-3,-3,-1,-3,1
"617",-4,-3,-2,-3,-3,-3,-4,-5,-5,-4,-1,-4,-3,-3,-2,-3,-1,-3,-2,3
"618",-5,-3,-2,-4,-5,-5,-3,-3,-2,-1,-4,-5,-3,-3,-2,-2,-3,-3,-2,2
"619",-5,-3,-1,-1,-1,-4,-3,-4,-2,-1,-1,-1,-3,-3,-3,-1,-1,-1,-4,3
"620",-4,-3,-3,-1,-3,-3,-1,-3,-3,-2,-2,-3,-2,-2,-2,-2,-3,-1,-5,1
"621",-4,-3,-4,-2,-1,-5,-3,-2,-4,-2,-4,-4,-5,-3,-5,-4,-2,-4,-3,2
"622",-5,-3,-3,-5,-1,-5,-3,-4,-1,-1,-1,-1,-3,-3,-4,-3,-1,-2,-4,2
"623",-5,-3,-3,-3,-2,-5,-3,-5,-2,-2,-4,-3,-5,-4,-5,-5,-2,-2,-5,2
"624",-5,-3,-4,-2,-3,-3,-4,-4,-1,-1,-2,-1,-4,-3,-2,-2,-1,-2,-5,2
"625",-4,-3,-5,-3,-3,-2,-5,-3,-2,-2,-3,-3,-3,-4,-2,-5,-2,-3,-5,2
"626",-5,-4,-4,-2,-2,-4,-1,-2,-1,-1,-4,-1,-4,-2,-4,-3,-3,-1,-4,1
"627",-5,-3,-2,-4,-2,-1,-1,-2,-1,-1,-5,-5,-3,-2,-1,-2,-4,-1,-5,1
"628",-5,-2,-2,-1,-3,-1,-1,-5,-3,-3,-2,-2,-3,-3,-1,-5,-5,-1,-5,1
"629",-5,-4,-5,-1,-3,-2,-5,-2,-1,-1,-5,-2,-2,-3,-3,-2,-3,-1,-5,1
"630",-5,-4,-1,-2,-1,-3,-3,-5,-5,-5,-3,-3,-4,-2,-4,-1,-1,-2,-1,3
"631",-5,-3,-3,-2,-2,-3,-2,-4,-1,-2,-4,-3,-4,-4,-5,-3,-2,-2,-4,2
"632",-5,-4,-2,-1,-1,-4,-2,-3,-2,-2,-4,-3,-4,-3,-2,-3,-2,-2,-3,1
"633",-4,-3,-3,-5,-5,-5,-4,-4,-2,-1,-1,-4,-4,-4,-3,-5,-1,-4,-3,2
"634",-5,-3,-3,-4,-5,-5,-5,-2,-2,-1,-1,-2,-3,-3,-2,-4,-1,-5,-3,2
"635",-4,-3,-5,-2,-4,-5,-5,-5,-4,-3,-2,-2,-4,-5,-2,-5,-2,-4,-4,2
"636",-5,-1,-3,-2,-1,-3,-4,-4,-2,-1,-1,-1,-4,-5,-4,-4,-3,-2,-3,2
"637",-5,-5,-3,-3,-4,-4,-4,-5,-5,-3,-1,-2,-2,-5,-2,-3,-3,-4,-4,3
"638",-4,-3,-5,-2,-2,-2,-2,-4,-2,-1,-5,-2,-3,-3,-3,-3,-2,-1,-4,1
"639",-5,-3,-3,-5,-1,-5,-3,-3,-1,-1,-1,-2,-5,-4,-4,-4,-1,-5,-3,2
"640",-5,-3,-1,-3,-4,-5,-3,-4,-2,-1,-3,-4,-2,-3,-4,-5,-5,-2,-2,2
"641",-2,-3,-2,-2,-2,-2,-2,-4,-4,-4,-3,-3,-3,-3,-4,-2,-1,-1,-2,3
"642",-5,-3,-4,-3,-1,-5,-4,-2,-4,-3,-5,-4,-5,-2,-5,-3,-3,-5,-4,2
"643",-5,-3,-3,-3,-3,-5,-4,-4,-4,-5,-3,-3,-3,-3,-3,-3,-3,-3,-3,3
"644",-5,-3,-2,-4,-4,-1,-1,-5,-3,-3,-1,-1,-3,-5,-5,-1,-1,-1,-1,3
"645",-5,-3,-5,-5,-2,-5,-3,-3,-1,-1,-5,-1,-5,-4,-5,-5,-1,-4,-3,2
"646",-5,-3,-2,-4,-1,-5,-5,-5,-3,-4,-1,-2,-3,-3,-3,-4,-2,-5,-5,2
"647",-5,-4,-5,-2,-1,-3,-4,-3,-1,-3,-4,-2,-4,-2,-2,-5,-4,-2,-5,2
"648",-5,-3,-3,-2,-2,-4,-3,-4,-2,-2,-1,-3,-2,-5,-5,-3,-1,-2,-3,3
"649",-4,-4,-2,-1,-3,-2,-1,-3,-2,-3,-4,-3,-3,-3,-2,-4,-3,-3,-4,1
"650",-5,-3,-2,-2,-3,-3,-3,-5,-5,-4,-1,-4,-4,-5,-2,-3,-1,-1,-3,3
"651",-5,-3,-5,-3,-3,-5,-5,-3,-1,-2,-5,-5,-5,-3,-2,-5,-5,-3,-2,2
"652",-5,-5,-4,-1,-1,-2,-1,-1,-1,-1,-3,-1,-1,-2,-2,-1,-5,-1,-3,1
"653",-5,-3,-5,-4,-3,-5,-5,-4,-3,-3,-3,-3,-4,-5,-4,-4,-2,-5,-5,2
"654",-5,-3,-5,-2,-2,-2,-2,-5,-4,-4,-2,-3,-2,-4,-4,-2,-3,-2,-5,3
"655",-5,-4,-3,-1,-1,-1,-1,-1,-1,-2,-5,-5,-1,-1,-3,-1,-2,-1,-4,1
"656",-5,-3,-4,-1,-1,-1,-1,-3,-1,-3,-4,-5,-1,-3,-5,-1,-3,-1,-3,1
"657",-5,-3,-3,-2,-1,-3,-3,-5,-3,-5,-1,-1,-3,-3,-4,-1,-3,-3,-3,3
"658",-5,-2,-3,-1,-2,-3,-4,-3,-1,-2,-2,-2,-3,-3,-2,-4,-1,-3,-5,2
"659",-5,-3,-2,-1,-2,-4,-3,-5,-5,-5,-2,-2,-3,-5,-4,-2,-2,-1,-4,3
"660",-5,-5,-5,-5,-5,-4,-4,-4,-5,-4,-4,-4,-4,-5,-3,-4,-4,-4,-4,2
"661",-1,-1,-2,-3,-4,-3,-3,-2,-5,-2,-2,-2,-3,-4,-4,-3,-2,-3,-2,3
"662",-4,-3,-3,-1,-2,-3,-1,-3,-2,-2,-5,-3,-3,-3,-3,-3,-3,-1,-4,1
"663",-3,-3,-3,-3,-3,-3,-3,-3,-3,-3,-3,-3,-3,-3,-3,-3,-3,-3,-3,2
"664",-1,-1,-1,-1,-1,-1,-1,-1,-1,-1,-1,-1,-1,-1,-1,-1,-1,-1,-1,1
"665",-5,-2,-2,-4,-4,-4,-2,-5,-5,-4,-2,-3,-2,-3,-2,-2,-1,-4,-3,3
"666",-5,-4,-3,-1,-2,-4,-3,-2,-1,-1,-4,-1,-1,-4,-2,-4,-1,-2,-4,1
"667",-5,-4,-4,-2,-2,-2,-2,-5,-5,-3,-4,-3,-5,-4,-4,-4,-2,-2,-3,3
"668",-3,-3,-2,-1,-1,-4,-3,-2,-1,-1,-2,-2,-3,-3,-2,-3,-1,-4,-2,1
"669",-5,-3,-2,-1,-1,-4,-3,-4,-1,-2,-4,-2,-2,-3,-4,-4,-5,-4,-3,2
"670",-5,-3,-2,-1,-1,-1,-3,-2,-1,-1,-3,-2,-1,-2,-1,-1,-1,-1,-5,1
"671",-5,-3,-3,-3,-4,-4,-4,-3,-2,-2,-4,-2,-5,-3,-4,-2,-3,-3,-3,2
"672",-5,-3,-3,-1,-2,-2,-3,-4,-1,-2,-3,-3,-3,-3,-2,-4,-4,-2,-4,1
"673",-4,-2,-4,-1,-2,-3,-2,-3,-1,-1,-1,-1,-4,-4,-1,-3,-2,-3,-3,1
"674",-5,-3,-2,-3,-4,-4,-4,-5,-5,-5,-2,-5,-5,-5,-5,-4,-2,-3,-3,3
"675",-5,-3,-2,-5,-2,-4,-5,-5,-4,-1,-2,-3,-3,-3,-2,-3,-4,-3,-4,2
"676",-4,-3,-4,-3,-1,-4,-4,-3,-1,-1,-3,-3,-5,-2,-2,-3,-4,-3,-4,2
"677",-4,-4,-3,-3,-3,-3,-4,-2,-3,-3,-4,-3,-3,-2,-3,-3,-1,-3,-5,2
"678",-5,-3,-3,-2,-2,-4,-3,-5,-4,-1,-2,-2,-5,-5,-4,-4,-3,-2,-4,2
"679",-5,-3,-2,-2,-1,-2,-4,-2,-2,-1,-5,-3,-2,-3,-3,-3,-3,-1,-5,1
"680",-5,-5,-4,-3,-3,-5,-3,-4,-1,-2,-4,-1,-1,-1,-3,-3,-4,-4,-5,2
"681",-5,-3,-3,-1,-1,-3,-1,-2,-1,-1,-4,-3,-5,-3,-4,-3,-3,-2,-3,1
"682",-5,-4,-3,-2,-2,-3,-1,-4,-3,-2,-4,-3,-3,-1,-1,-3,-3,-1,-3,1
"683",-2,-3,-3,-1,-2,-3,-3,-2,-4,-2,-5,-3,-4,-3,-3,-4,-4,-2,-3,2
"684",-4,-5,-3,-1,-1,-1,-1,-2,-1,-1,-5,-1,-1,-1,-1,-1,-1,-1,-5,1
"685",-5,-1,-5,-1,-5,-1,-5,-5,-1,-5,-1,-5,-1,-5,-1,-5,-1,-5,-1,2
"686",-3,-5,-3,-2,-2,-4,-3,-1,-4,-3,-4,-4,-2,-4,-3,-4,-2,-3,-5,2
"687",-5,-1,-5,-1,-2,-3,-4,-2,-1,-1,-5,-2,-2,-2,-2,-1,-3,-1,-2,1
"688",-5,-3,-3,-2,-1,-4,-3,-5,-3,-3,-3,-3,-2,-2,-3,-2,-2,-2,-4,3
"689",-5,-3,-1,-2,-3,-4,-5,-4,-5,-4,-1,-1,-2,-4,-4,-2,-2,-4,-2,3
"690",-5,-3,-4,-1,-1,-2,-4,-3,-1,-4,-4,-1,-1,-3,-1,-1,-1,-1,-4,1
"691",-4,-5,-5,-1,-1,-1,-1,-5,-3,-2,-1,-1,-1,-5,-3,-1,-4,-1,-4,1
"692",-5,-5,-5,-3,-2,-2,-2,-4,-4,-3,-5,-3,-1,-3,-3,-2,-4,-2,-5,1
"693",-5,-5,-2,-1,-1,-2,-4,-5,-4,-5,-1,-1,-2,-3,-2,-1,-1,-2,-3,3
"694",-5,-1,-4,-1,-1,-4,-4,-5,-3,-4,-4,-4,-4,-4,-2,-2,-2,-2,-5,2
"695",-5,-4,-4,-3,-1,-3,-5,-5,-5,-5,-3,-4,-2,-5,-4,-3,-3,-3,-5,3
"696",-3,-3,-1,-3,-3,-5,-5,-2,-2,-2,-1,-1,-1,-3,-1,-1,-1,-4,-3,3
"697",-5,-4,-3,-1,-2,-3,-2,-5,-3,-4,-3,-2,-1,-2,-2,-2,-3,-1,-5,1
"698",-4,-3,-4,-1,-1,-2,-1,-2,-2,-1,-4,-1,-1,-3,-1,-1,-1,-1,-2,1
"699",-5,-3,-2,-3,-4,-5,-5,-5,-5,-3,-1,-3,-4,-5,-4,-2,-1,-5,-1,3
"700",-5,-3,-2,-3,-3,-4,-2,-5,-4,-4,-3,-2,-3,-4,-4,-2,-1,-4,-3,3
"701",-5,-4,-1,-1,-1,-1,-1,-1,-1,-1,-2,-1,-1,-2,-1,-1,-1,-1,-1,1
"702",-5,-4,-2,-1,-1,-1,-1,-2,-3,-1,-2,-1,-1,-3,-1,-1,-1,-1,-2,1
"703",-5,-5,-2,-3,-4,-3,-1,-5,-5,-3,-5,-4,-4,-5,-2,-4,-2,-2,-2,3
"704",-5,-4,-3,-3,-1,-4,-3,-5,-5,-5,-4,-4,-5,-5,-5,-4,-3,-2,-4,3
"705",-3,-4,-1,-1,-1,-1,-2,-5,-2,-2,-5,-4,-4,-5,-1,-1,-1,-2,-5,1
"706",-4,-4,-3,-3,-1,-4,-1,-4,-4,-3,-2,-1,-1,-3,-3,-1,-4,-1,-4,3
"707",-5,-5,-3,-1,-2,-2,-1,-2,-1,-2,-3,-2,-1,-1,-2,-5,-2,-1,-4,1
"708",-5,-3,-2,-2,-2,-4,-5,-5,-2,-2,-4,-4,-4,-4,-5,-3,-1,-4,-3,2
"709",-5,-3,-2,-2,-2,-5,-4,-5,-5,-5,-1,-3,-4,-5,-5,-2,-1,-4,-4,3
"710",-5,-4,-3,-1,-1,-2,-3,-4,-1,-3,-5,-4,-3,-3,-3,-4,-1,-2,-5,1
"711",-5,-2,-3,-2,-2,-3,-1,-2,-1,-1,-5,-2,-2,-1,-3,-3,-3,-1,-3,1
"712",-5,-3,-1,-1,-2,-5,-1,-5,-3,-2,-1,-3,-2,-5,-3,-2,-1,-5,-3,3
"713",-5,-3,-3,-3,-1,-4,-4,-5,-3,-3,-3,-3,-5,-5,-3,-4,-1,-4,-4,2
"714",-5,-3,-3,-4,-3,-4,-5,-5,-3,-3,-2,-4,-3,-5,-5,-2,-1,-2,-4,3
"715",-1,-3,-4,-1,-2,-1,-2,-5,-3,-4,-5,-2,-1,-3,-3,-4,-4,-1,-4,1
"716",-5,-3,-1,-2,-2,-5,-4,-5,-5,-4,-3,-2,-4,-4,-4,-2,-1,-3,-3,3
"717",-5,-3,-4,-2,-1,-3,-2,-3,-1,-1,-5,-4,-4,-3,-3,-5,-2,-3,-4,2
"718",-5,-3,-3,-4,-5,-5,-5,-5,-3,-4,-1,-4,-4,-5,-3,-4,-1,-5,-2,2
"719",-3,-3,-2,-1,-1,-4,-3,-4,-1,-1,-1,-1,-5,-3,-5,-2,-2,-4,-3,3
"720",-4,-3,-4,-3,-2,-4,-4,-5,-4,-2,-2,-2,-2,-3,-2,-2,-2,-3,-3,3
"721",-4,-3,-3,-2,-2,-2,-3,-4,-1,-1,-1,-4,-3,-3,-3,-3,-1,-1,-5,1
"722",-5,-3,-2,-1,-1,-2,-3,-5,-5,-5,-4,-3,-5,-4,-3,-1,-1,-3,-4,3
"723",-5,-3,-4,-3,-2,-5,-3,-5,-5,-4,-2,-4,-5,-5,-4,-5,-1,-3,-2,3
"724",-5,-5,-4,-1,-1,-1,-2,-4,-1,-1,-4,-5,-3,-4,-4,-4,-2,-1,-5,1
"725",-4,-3,-4,-2,-1,-2,-4,-3,-1,-2,-3,-3,-3,-4,-4,-4,-1,-2,-4,2
"726",-5,-4,-2,-3,-3,-1,-4,-5,-1,-1,-4,-3,-3,-2,-2,-4,-1,-2,-5,1
"727",-5,-5,-4,-3,-3,-2,-1,-4,-3,-4,-5,-2,-2,-2,-3,-2,-5,-1,-4,1
"728",-5,-4,-4,-2,-3,-3,-3,-4,-2,-2,-5,-3,-2,-2,-1,-3,-3,-2,-4,1
"729",-5,-4,-2,-5,-4,-5,-5,-3,-2,-3,-2,-3,-5,-4,-4,-3,-4,-5,-2,2
"730",-4,-4,-3,-1,-1,-1,-3,-1,-1,-1,-4,-2,-2,-1,-1,-3,-1,-1,-5,1
"731",-5,-3,-5,-2,-2,-3,-3,-2,-1,-1,-4,-2,-4,-2,-2,-3,-5,-3,-4,1
"732",-5,-2,-3,-4,-2,-5,-5,-5,-2,-2,-1,-4,-4,-5,-5,-2,-1,-4,-5,2
"733",-5,-2,-2,-1,-1,-3,-1,-5,-3,-4,-1,-4,-2,-3,-5,-1,-2,-1,-3,3
"734",-3,-2,-1,-4,-4,-5,-3,-2,-1,-1,-1,-2,-4,-2,-1,-3,-1,-5,-2,2
"735",-4,-3,-4,-1,-2,-3,-4,-2,-1,-1,-4,-4,-3,-3,-1,-1,-1,-1,-4,1
"736",-5,-5,-3,-1,-1,-2,-2,-2,-1,-2,-5,-3,-2,-2,-2,-2,-5,-1,-2,1
"737",-5,-4,-2,-1,-2,-2,-1,-2,-1,-1,-5,-3,-2,-2,-2,-3,-3,-1,-2,1
"738",-5,-2,-4,-2,-1,-1,-2,-3,-1,-1,-5,-3,-3,-2,-2,-2,-1,-1,-3,1
"739",-5,-4,-5,-3,-3,-3,-2,-4,-3,-4,-5,-4,-2,-3,-2,-4,-4,-2,-5,2
"740",-5,-3,-3,-2,-1,-3,-4,-5,-3,-3,-3,-3,-5,-3,-2,-4,-3,-3,-4,2
"741",-5,-4,-4,-2,-3,-3,-5,-3,-1,-2,-2,-3,-3,-3,-4,-2,-5,-2,-4,2
"742",-5,-3,-4,-4,-2,-3,-3,-3,-2,-2,-5,-3,-3,-3,-2,-3,-4,-2,-4,2
"743",-5,-3,-4,-3,-3,-3,-3,-4,-4,-3,-4,-3,-3,-1,-3,-2,-5,-3,-3,2
"744",-5,-4,-4,-2,-2,-3,-2,-4,-3,-1,-4,-3,-4,-2,-3,-5,-4,-2,-5,2
"745",-5,-5,-3,-2,-2,-4,-4,-2,-1,-1,-2,-2,-3,-3,-4,-1,-5,-2,-3,1
"746",-5,-3,-3,-2,-3,-3,-4,-5,-4,-4,-4,-3,-3,-4,-4,-2,-3,-3,-3,3
"747",-4,-2,-4,-3,-2,-3,-4,-4,-2,-3,-4,-2,-1,-2,-4,-3,-2,-2,-3,2
"748",-4,-3,-2,-3,-3,-4,-4,-5,-4,-4,-3,-4,-2,-4,-4,-1,-1,-3,-2,3
"749",-5,-3,-4,-2,-4,-2,-3,-3,-1,-1,-1,-3,-1,-3,-3,-4,-1,-1,-4,1
"750",-5,-3,-2,-1,-2,-5,-4,-5,-3,-3,-2,-1,-3,-5,-5,-2,-1,-1,-4,3
"751",-5,-4,-4,-2,-1,-2,-1,-3,-3,-2,-3,-1,-1,-1,-2,-3,-4,-1,-5,1
"752",-5,-3,-3,-2,-1,-4,-3,-5,-4,-2,-2,-3,-4,-5,-4,-2,-3,-3,-3,3
"753",-5,-3,-2,-3,-1,-3,-3,-5,-3,-2,-2,-2,-3,-2,-5,-1,-4,-1,-3,3
"754",-4,-4,-4,-2,-2,-3,-3,-4,-2,-1,-3,-3,-3,-3,-3,-2,-4,-3,-3,2
"755",-5,-3,-5,-1,-1,-1,-2,-2,-1,-2,-3,-2,-2,-2,-2,-5,-3,-1,-3,1
"756",-5,-3,-3,-1,-2,-3,-1,-1,-1,-1,-5,-5,-4,-4,-1,-3,-3,-1,-4,1
"757",-5,-3,-1,-3,-5,-3,-1,-5,-3,-4,-3,-3,-4,-5,-5,-2,-1,-1,-1,3
"758",-4,-2,-2,-2,-2,-4,-5,-4,-2,-2,-5,-4,-4,-4,-3,-2,-4,-3,-4,2
"759",-4,-5,-5,-1,-4,-2,-1,-4,-5,-3,-2,-1,-2,-4,-4,-2,-5,-2,-2,3
"760",-5,-3,-5,-1,-2,-1,-2,-2,-1,-3,-4,-2,-2,-2,-1,-5,-4,-1,-3,1
"761",-5,-3,-1,-1,-3,-5,-5,-5,-2,-2,-1,-1,-4,-5,-5,-2,-1,-1,-4,3
"762",-5,-4,-4,-1,-1,-2,-1,-4,-3,-5,-3,-2,-2,-3,-2,-1,-4,-1,-2,1
"763",-5,-3,-3,-1,-1,-2,-3,-3,-1,-1,-2,-3,-4,-3,-3,-4,-3,-1,-4,1
"764",-5,-3,-4,-2,-1,-4,-1,-5,-3,-4,-3,-4,-4,-4,-5,-1,-4,-1,-4,3
"765",-5,-5,-3,-2,-1,-3,-1,-4,-5,-4,-1,-1,-1,-3,-4,-1,-2,-1,-3,3
"766",-5,-3,-3,-2,-1,-2,-2,-4,-3,-2,-2,-1,-2,-4,-2,-5,-2,-2,-4,1
"767",-5,-3,-5,-1,-2,-3,-2,-3,-1,-1,-4,-2,-2,-3,-1,-1,-4,-1,-4,1
"768",-5,-3,-3,-3,-2,-2,-3,-5,-3,-2,-3,-2,-2,-3,-1,-2,-1,-2,-3,1
"769",-5,-3,-2,-3,-4,-3,-2,-4,-3,-2,-4,-3,-2,-3,-2,-2,-3,-4,-2,2
"770",-5,-4,-3,-1,-1,-2,-3,-5,-3,-2,-2,-4,-3,-4,-2,-2,-1,-1,-3,3
"771",-5,-3,-2,-3,-4,-3,-4,-5,-3,-3,-1,-2,-4,-4,-4,-3,-1,-2,-2,3
"772",-5,-3,-2,-2,-3,-1,-2,-3,-1,-2,-3,-2,-3,-2,-4,-3,-2,-3,-4,1
"773",-5,-2,-2,-1,-2,-3,-4,-3,-1,-1,-2,-4,-4,-2,-1,-3,-1,-3,-3,1
"774",-4,-3,-1,-2,-2,-2,-2,-3,-1,-2,-1,-2,-3,-3,-2,-2,-1,-2,-3,1
"775",-5,-5,-2,-4,-3,-2,-1,-5,-5,-4,-2,-3,-5,-4,-4,-3,-1,-1,-1,3
"776",-3,-3,-2,-1,-2,-2,-5,-3,-1,-1,-2,-2,-2,-3,-1,-5,-1,-2,-5,1
"777",-5,-3,-4,-3,-3,-2,-2,-4,-1,-3,-5,-3,-3,-3,-2,-2,-3,-2,-4,1
"778",-5,-3,-5,-3,-1,-5,-5,-1,-1,-1,-2,-3,-4,-3,-5,-5,-5,-4,-2,2
"779",-5,-4,-4,-3,-2,-2,-3,-3,-2,-3,-3,-3,-2,-2,-1,-3,-1,-1,-5,1
"780",-5,-2,-3,-2,-3,-2,-1,-4,-3,-3,-2,-2,-3,-2,-2,-2,-3,-2,-4,1
"781",-5,-3,-4,-3,-2,-3,-4,-3,-2,-3,-4,-4,-2,-5,-3,-2,-2,-3,-4,2
"782",-5,-4,-2,-1,-1,-3,-4,-5,-1,-1,-4,-4,-5,-5,-5,-4,-1,-2,-4,2
"783",-5,-3,-2,-2,-1,-4,-5,-5,-5,-4,-1,-1,-3,-4,-5,-4,-1,-5,-3,3
"784",-5,-4,-4,-2,-1,-1,-1,-3,-2,-4,-3,-3,-2,-4,-2,-3,-3,-2,-4,1
"785",-5,-3,-4,-4,-2,-4,-3,-4,-1,-3,-1,-2,-4,-4,-4,-2,-3,-4,-3,2
"786",-5,-4,-2,-3,-1,-5,-3,-5,-4,-4,-2,-3,-4,-5,-5,-5,-2,-4,-3,3
"787",-4,-4,-5,-2,-3,-1,-3,-4,-3,-1,-4,-2,-2,-3,-3,-3,-4,-1,-4,1
"788",-4,-3,-2,-2,-1,-3,-1,-5,-4,-4,-1,-3,-3,-5,-4,-1,-1,-1,-3,3
"789",-5,-4,-2,-2,-2,-3,-2,-5,-4,-4,-2,-2,-2,-4,-4,-2,-3,-2,-2,3
"790",-5,-1,-3,-2,-1,-3,-1,-4,-4,-3,-3,-3,-3,-3,-5,-5,-1,-2,-3,3
"791",-4,-4,-3,-3,-3,-3,-5,-4,-3,-3,-2,-3,-3,-5,-1,-3,-1,-3,-3,2
"792",-5,-3,-4,-2,-2,-1,-1,-3,-2,-3,-4,-2,-3,-2,-3,-2,-3,-2,-4,1
"793",-5,-3,-5,-1,-1,-3,-2,-3,-1,-1,-4,-3,-2,-1,-1,-2,-4,-3,-5,1
"794",-5,-4,-2,-2,-1,-5,-2,-4,-2,-5,-3,-1,-4,-5,-5,-2,-3,-3,-4,3
"795",-5,-3,-3,-1,-1,-1,-1,-2,-1,-1,-2,-2,-1,-1,-1,-1,-1,-1,-3,1
"796",-5,-3,-3,-2,-2,-2,-2,-4,-3,-3,-1,-2,-2,-2,-5,-2,-1,-2,-2,3
"797",-5,-3,-5,-1,-1,-1,-1,-3,-1,-2,-4,-4,-1,-2,-3,-1,-3,-1,-5,1
"798",-5,-3,-4,-2,-2,-5,-3,-3,-2,-2,-4,-4,-2,-4,-3,-4,-3,-3,-4,2
"799",-3,-2,-3,-5,-1,-4,-2,-2,-3,-4,-2,-5,-2,-3,-5,-3,-3,-3,-4,2
"800",-5,-3,-3,-2,-1,-2,-3,-2,-2,-3,-5,-3,-1,-1,-1,-3,-3,-2,-3,1
"801",-5,-3,-4,-2,-2,-1,-3,-3,-4,-3,-2,-3,-2,-3,-1,-2,-2,-3,-4,1
"802",-5,-3,-4,-2,-2,-1,-3,-3,-2,-1,-4,-3,-2,-2,-1,-3,-4,-2,-5,1
"803",-5,-3,-2,-2,-3,-5,-4,-4,-2,-3,-1,-4,-5,-5,-4,-3,-1,-2,-3,3
"804",-5,-3,-3,-1,-1,-1,-2,-2,-1,-1,-2,-1,-1,-1,-1,-3,-1,-1,-5,1
"805",-4,-3,-2,-3,-2,-3,-1,-3,-4,-4,-2,-3,-4,-3,-2,-3,-3,-2,-4,3
"806",-5,-3,-4,-1,-1,-5,-4,-5,-4,-5,-4,-5,-5,-5,-5,-5,-2,-5,-5,2
"807",-5,-3,-2,-5,-1,-5,-1,-5,-2,-4,-4,-1,-3,-5,-5,-1,-5,-3,-4,3
"808",-5,-3,-3,-2,-1,-2,-2,-4,-3,-3,-4,-5,-4,-4,-4,-3,-1,-1,-4,3
"809",-5,-2,-5,-3,-2,-4,-1,-2,-1,-2,-1,-3,-5,-3,-3,-3,-5,-2,-4,2
"810",-5,-4,-3,-3,-2,-4,-3,-4,-1,-1,-2,-1,-3,-3,-2,-3,-2,-3,-5,2
"811",-5,-2,-5,-2,-3,-3,-3,-4,-4,-4,-5,-4,-2,-4,-3,-4,-1,-3,-4,2
"812",-5,-5,-2,-1,-2,-4,-3,-5,-5,-5,-2,-1,-4,-5,-4,-2,-2,-3,-3,3
"813",-5,-3,-3,-1,-1,-2,-1,-3,-3,-2,-4,-3,-2,-1,-2,-1,-1,-1,-3,1
"814",-5,-3,-4,-3,-2,-3,-4,-3,-1,-1,-2,-3,-2,-3,-2,-4,-2,-2,-4,2
"815",-4,-3,-4,-1,-1,-1,-1,-3,-2,-2,-4,-5,-3,-5,-4,-1,-5,-1,-4,1
"816",-5,-2,-3,-3,-3,-4,-3,-5,-3,-3,-1,-3,-3,-3,-4,-4,-4,-2,-4,2
"817",-5,-3,-3,-1,-3,-3,-3,-4,-1,-4,-4,-4,-4,-4,-3,-5,-1,-1,-5,2
"818",-5,-3,-5,-3,-2,-2,-3,-3,-1,-2,-4,-4,-3,-3,-2,-5,-4,-3,-3,2
"819",-5,-3,-2,-1,-2,-1,-1,-5,-5,-5,-1,-3,-1,-3,-1,-3,-1,-1,-2,3
"820",-5,-4,-2,-1,-1,-1,-2,-2,-1,-1,-5,-1,-2,-1,-1,-2,-2,-1,-2,1
"821",-5,-5,-5,-3,-1,-3,-3,-1,-1,-1,-3,-2,-2,-2,-3,-2,-4,-2,-4,1
"822",-4,-3,-3,-2,-3,-4,-4,-3,-2,-4,-2,-5,-4,-5,-4,-3,-1,-2,-4,2
"823",-5,-3,-4,-4,-1,-3,-4,-3,-1,-1,-5,-4,-3,-2,-3,-4,-4,-3,-5,2
"824",-5,-2,-3,-4,-4,-5,-3,-1,-1,-1,-1,-1,-4,-1,-1,-3,-1,-3,-2,2
"825",-4,-4,-4,-3,-3,-5,-1,-4,-1,-1,-3,-1,-4,-1,-1,-2,-4,-4,-5,1
"826",-5,-5,-5,-3,-3,-3,-5,-5,-2,-4,-1,-3,-2,-5,-2,-5,-4,-3,-5,2
"827",-5,-5,-1,-1,-1,-5,-5,-1,-1,-1,-1,-3,-4,-1,-5,-5,-1,-5,-1,2
"828",-5,-3,-2,-2,-2,-3,-2,-5,-5,-5,-1,-4,-4,-4,-2,-3,-2,-3,-2,3
"829",-5,-4,-3,-2,-2,-3,-3,-3,-2,-1,-5,-3,-3,-3,-2,-2,-3,-2,-4,1
"830",-5,-3,-2,-1,-2,-3,-2,-5,-4,-3,-2,-2,-3,-4,-3,-2,-1,-1,-4,3
"831",-5,-3,-5,-1,-4,-5,-5,-4,-2,-1,-4,-2,-5,-4,-4,-2,-1,-5,-3,2
"832",-5,-4,-2,-4,-3,-4,-2,-5,-4,-4,-1,-4,-3,-4,-3,-2,-3,-2,-2,3
"833",-5,-3,-3,-3,-3,-3,-4,-5,-2,-4,-1,-3,-3,-5,-5,-3,-2,-2,-3,3
"834",-5,-3,-2,-5,-5,-4,-5,-5,-5,-5,-1,-4,-5,-2,-3,-1,-1,-3,-2,3
"835",-5,-3,-1,-2,-2,-2,-2,-5,-5,-5,-1,-5,-3,-4,-4,-2,-2,-1,-2,3
"836",-5,-3,-5,-5,-5,-5,-5,-5,-5,-5,-5,-5,-5,-5,-5,-5,-5,-5,-5,2
"837",-5,-3,-4,-2,-3,-3,-5,-5,-2,-2,-3,-4,-4,-4,-2,-5,-2,-3,-5,2
"838",-5,-4,-4,-2,-2,-1,-1,-4,-3,-2,-4,-2,-1,-2,-3,-2,-4,-1,-4,1
"839",-5,-2,-2,-1,-2,-2,-1,-5,-5,-3,-2,-3,-5,-5,-3,-3,-1,-2,-4,3
"840",-5,-3,-4,-2,-2,-4,-4,-5,-1,-1,-3,-2,-4,-4,-1,-4,-2,-3,-5,2
"841",-5,-3,-2,-2,-2,-5,-1,-4,-4,-2,-1,-3,-5,-4,-1,-4,-1,-4,-4,3
"842",-5,-4,-1,-2,-4,-5,-5,-4,-1,-1,-1,-2,-3,-4,-5,-2,-1,-2,-3,3
"843",-5,-4,-2,-1,-1,-3,-2,-4,-3,-2,-2,-4,-3,-4,-5,-1,-1,-2,-2,3
"844",-5,-4,-3,-1,-1,-3,-3,-3,-1,-1,-4,-4,-2,-3,-3,-4,-2,-1,-5,1
"845",-5,-2,-1,-3,-2,-3,-3,-4,-4,-3,-1,-2,-1,-4,-3,-3,-1,-1,-3,3
"846",-5,-2,-1,-3,-2,-4,-2,-5,-3,-3,-1,-4,-2,-3,-5,-2,-1,-2,-4,3
"847",-4,-3,-2,-5,-3,-5,-2,-4,-2,-4,-3,-3,-4,-4,-4,-2,-4,-4,-2,2
"848",-5,-5,-3,-2,-2,-4,-5,-5,-5,-1,-5,-2,-3,-3,-3,-5,-5,-3,-5,2
"849",-5,-4,-2,-1,-1,-2,-2,-4,-4,-1,-1,-1,-2,-3,-1,-2,-1,-2,-3,1
"850",-5,-5,-2,-1,-1,-1,-1,-5,-5,-4,-5,-2,-1,-4,-2,-1,-2,-1,-1,3
"851",-4,-4,-4,-1,-4,-4,-1,-4,-4,-3,-2,-3,-2,-1,-1,-2,-5,-2,-3,1
"852",-5,-3,-3,-1,-2,-3,-1,-4,-1,-1,-4,-1,-1,-1,-4,-1,-2,-1,-4,1
"853",-5,-4,-3,-2,-2,-3,-4,-5,-3,-4,-2,-4,-3,-5,-3,-1,-1,-1,-3,3
"854",-5,-4,-2,-1,-1,-1,-2,-4,-4,-3,-3,-2,-1,-1,-2,-2,-5,-1,-1,1
"855",-5,-4,-4,-3,-1,-3,-2,-5,-5,-4,-3,-2,-1,-5,-3,-3,-5,-2,-3,3
"856",-5,-3,-3,-3,-2,-3,-3,-3,-1,-1,-5,-3,-2,-3,-3,-3,-3,-1,-4,1
"857",-5,-5,-5,-1,-2,-1,-4,-3,-2,-4,-4,-3,-1,-4,-1,-2,-3,-1,-4,1
"858",-5,-5,-3,-1,-3,-1,-1,-5,-5,-3,-1,-4,-2,-2,-4,-1,-3,-1,-2,3
"859",-4,-3,-4,-3,-2,-2,-3,-5,-2,-3,-2,-4,-4,-4,-2,-4,-4,-2,-4,2
"860",-5,-3,-4,-1,-2,-3,-2,-3,-4,-3,-5,-4,-2,-3,-2,-2,-5,-3,-3,1
"861",-5,-2,-5,-2,-2,-5,-4,-4,-3,-2,-4,-1,-5,-4,-4,-3,-3,-2,-4,2
"862",-4,-4,-5,-1,-3,-4,-1,-1,-1,-4,-1,-1,-2,-3,-1,-3,-4,-1,-4,1
"863",-4,-3,-1,-1,-2,-2,-2,-4,-1,-2,-3,-3,-2,-2,-5,-1,-1,-1,-3,1
"864",-5,-3,-3,-3,-1,-3,-1,-4,-1,-1,-2,-2,-3,-2,-5,-2,-2,-1,-3,1
"865",-5,-5,-4,-3,-2,-3,-3,-1,-1,-2,-3,-1,-1,-3,-2,-2,-3,-1,-4,1
